date,people_fully_vaccinated,people_vaccinated,total_vaccinations,total_boosters,location,vaccine,source_url
2020-12-27,3,191,191,0,Estonia,Pfizer/BioNTech,https://opendata.digilugu.ee
2020-12-28,9,509,509,0,Estonia,Pfizer/BioNTech,https://opendata.digilugu.ee
2020-12-29,20,876,876,0,Estonia,Pfizer/BioNTech,https://opendata.digilugu.ee
2020-12-30,35,1889,1889,0,Estonia,Pfizer/BioNTech,https://opendata.digilugu.ee
2020-12-31,50,2475,2475,0,Estonia,Pfizer/BioNTech,https://opendata.digilugu.ee
2021-01-01,50,2475,2475,0,Estonia,Pfizer/BioNTech,https://opendata.digilugu.ee
2021-01-02,51,2505,2505,0,Estonia,Pfizer/BioNTech,https://opendata.digilugu.ee
2021-01-03,51,2523,2523,0,Estonia,Pfizer/BioNTech,https://opendata.digilugu.ee
2021-01-04,94,3165,3165,0,Estonia,Pfizer/BioNTech,https://opendata.digilugu.ee
2021-01-05,129,4975,4977,0,Estonia,Pfizer/BioNTech,https://opendata.digilugu.ee
2021-01-06,156,6586,6589,1,Estonia,Pfizer/BioNTech,https://opendata.digilugu.ee
2021-01-07,179,7928,7931,1,Estonia,Pfizer/BioNTech,https://opendata.digilugu.ee
2021-01-08,220,10142,10145,1,Estonia,Pfizer/BioNTech,https://opendata.digilugu.ee
2021-01-09,231,10693,10696,1,Estonia,Pfizer/BioNTech,https://opendata.digilugu.ee
2021-01-10,232,10916,10919,1,Estonia,Pfizer/BioNTech,https://opendata.digilugu.ee
2021-01-11,265,11765,11768,1,Estonia,Pfizer/BioNTech,https://opendata.digilugu.ee
2021-01-12,309,13345,13348,1,Estonia,Pfizer/BioNTech,https://opendata.digilugu.ee
2021-01-13,419,14739,14742,1,Estonia,Pfizer/BioNTech,https://opendata.digilugu.ee
2021-01-14,531,16519,16522,1,Estonia,"Moderna, Pfizer/BioNTech",https://opendata.digilugu.ee
2021-01-15,571,17800,17803,1,Estonia,"Moderna, Pfizer/BioNTech",https://opendata.digilugu.ee
2021-01-16,578,18020,18023,1,Estonia,"Moderna, Pfizer/BioNTech",https://opendata.digilugu.ee
2021-01-17,641,18050,18119,4,Estonia,"Moderna, Pfizer/BioNTech",https://opendata.digilugu.ee
2021-01-18,1035,18708,19152,9,Estonia,"Moderna, Pfizer/BioNTech",https://opendata.digilugu.ee
2021-01-19,1487,19466,20313,17,Estonia,"Moderna, Pfizer/BioNTech",https://opendata.digilugu.ee
2021-01-20,2166,20318,21795,20,Estonia,"Moderna, Pfizer/BioNTech",https://opendata.digilugu.ee
2021-01-21,2907,21834,23976,38,Estonia,"Moderna, Pfizer/BioNTech",https://opendata.digilugu.ee
2021-01-22,3236,23066,25477,44,Estonia,"Moderna, Pfizer/BioNTech",https://opendata.digilugu.ee
2021-01-23,3253,23321,25735,44,Estonia,"Moderna, Pfizer/BioNTech",https://opendata.digilugu.ee
2021-01-24,3257,23482,25896,44,Estonia,"Moderna, Pfizer/BioNTech",https://opendata.digilugu.ee
2021-01-25,3920,23856,26957,81,Estonia,"Moderna, Pfizer/BioNTech",https://opendata.digilugu.ee
2021-01-26,5563,24598,29349,113,Estonia,"Moderna, Pfizer/BioNTech",https://opendata.digilugu.ee
2021-01-27,7071,25237,31485,127,Estonia,"Moderna, Pfizer/BioNTech",https://opendata.digilugu.ee
2021-01-28,8489,26308,33957,150,Estonia,"Moderna, Pfizer/BioNTech",https://opendata.digilugu.ee
2021-01-29,10482,27528,37163,182,Estonia,"Moderna, Pfizer/BioNTech",https://opendata.digilugu.ee
2021-01-30,11036,27794,37994,196,Estonia,"Moderna, Pfizer/BioNTech",https://opendata.digilugu.ee
2021-01-31,11321,28079,38532,196,Estonia,"Moderna, Pfizer/BioNTech",https://opendata.digilugu.ee
2021-02-01,12203,28798,40140,239,Estonia,"Moderna, Pfizer/BioNTech",https://opendata.digilugu.ee
2021-02-02,13726,30043,42909,285,Estonia,"Moderna, Pfizer/BioNTech",https://opendata.digilugu.ee
2021-02-03,15203,31703,46103,401,Estonia,"Moderna, Pfizer/BioNTech",https://opendata.digilugu.ee
2021-02-04,16876,33746,49703,431,Estonia,"Moderna, Pfizer/BioNTech",https://opendata.digilugu.ee
2021-02-05,18387,35295,52771,484,Estonia,"Moderna, Pfizer/BioNTech",https://opendata.digilugu.ee
2021-02-06,18544,35702,53323,488,Estonia,"Moderna, Pfizer/BioNTech",https://opendata.digilugu.ee
2021-02-07,18593,35712,53381,488,Estonia,"Moderna, Pfizer/BioNTech",https://opendata.digilugu.ee
2021-02-08,19202,36709,55006,530,Estonia,"Moderna, Pfizer/BioNTech",https://opendata.digilugu.ee
2021-02-09,20069,38986,58156,577,Estonia,"Moderna, Oxford/AstraZeneca, Pfizer/BioNTech",https://opendata.digilugu.ee
2021-02-10,21009,41576,61653,589,Estonia,"Moderna, Oxford/AstraZeneca, Pfizer/BioNTech",https://opendata.digilugu.ee
2021-02-11,22319,44332,65707,651,Estonia,"Moderna, Oxford/AstraZeneca, Pfizer/BioNTech",https://opendata.digilugu.ee
2021-02-12,23149,45864,68047,690,Estonia,"Moderna, Oxford/AstraZeneca, Pfizer/BioNTech",https://opendata.digilugu.ee
2021-02-13,23303,45996,68338,699,Estonia,"Moderna, Oxford/AstraZeneca, Pfizer/BioNTech",https://opendata.digilugu.ee
2021-02-14,23362,45998,68399,699,Estonia,"Moderna, Oxford/AstraZeneca, Pfizer/BioNTech",https://opendata.digilugu.ee
2021-02-15,23617,46616,69245,710,Estonia,"Moderna, Oxford/AstraZeneca, Pfizer/BioNTech",https://opendata.digilugu.ee
2021-02-16,24202,48445,71647,738,Estonia,"Moderna, Oxford/AstraZeneca, Pfizer/BioNTech",https://opendata.digilugu.ee
2021-02-17,24940,52110,75975,764,Estonia,"Moderna, Oxford/AstraZeneca, Pfizer/BioNTech",https://opendata.digilugu.ee
2021-02-18,26111,57393,82273,786,Estonia,"Moderna, Oxford/AstraZeneca, Pfizer/BioNTech",https://opendata.digilugu.ee
2021-02-19,27209,61165,87046,817,Estonia,"Moderna, Oxford/AstraZeneca, Pfizer/BioNTech",https://opendata.digilugu.ee
2021-02-20,27462,61752,87856,821,Estonia,"Moderna, Oxford/AstraZeneca, Pfizer/BioNTech",https://opendata.digilugu.ee
2021-02-21,27801,62264,88689,823,Estonia,"Moderna, Oxford/AstraZeneca, Pfizer/BioNTech",https://opendata.digilugu.ee
2021-02-22,28769,64358,91681,872,Estonia,"Moderna, Oxford/AstraZeneca, Pfizer/BioNTech",https://opendata.digilugu.ee
2021-02-23,29826,68143,96385,899,Estonia,"Moderna, Oxford/AstraZeneca, Pfizer/BioNTech",https://opendata.digilugu.ee
2021-02-24,29978,68474,96848,901,Estonia,"Moderna, Oxford/AstraZeneca, Pfizer/BioNTech",https://opendata.digilugu.ee
2021-02-25,32826,72198,103383,1001,Estonia,"Moderna, Oxford/AstraZeneca, Pfizer/BioNTech",https://opendata.digilugu.ee
2021-02-26,35223,77377,110919,1116,Estonia,"Moderna, Oxford/AstraZeneca, Pfizer/BioNTech",https://opendata.digilugu.ee
2021-02-27,35681,78412,112376,1129,Estonia,"Moderna, Oxford/AstraZeneca, Pfizer/BioNTech",https://opendata.digilugu.ee
2021-02-28,35808,78596,112686,1133,Estonia,"Moderna, Oxford/AstraZeneca, Pfizer/BioNTech",https://opendata.digilugu.ee
2021-03-01,36904,81040,116152,1157,Estonia,"Moderna, Oxford/AstraZeneca, Pfizer/BioNTech",https://opendata.digilugu.ee
2021-03-02,39314,84003,121423,1195,Estonia,"Moderna, Oxford/AstraZeneca, Pfizer/BioNTech",https://opendata.digilugu.ee
2021-03-03,41789,86911,126725,1230,Estonia,"Moderna, Oxford/AstraZeneca, Pfizer/BioNTech",https://opendata.digilugu.ee
2021-03-04,44421,92044,134357,1274,Estonia,"Moderna, Oxford/AstraZeneca, Pfizer/BioNTech",https://opendata.digilugu.ee
2021-03-05,46127,97612,141450,1301,Estonia,"Moderna, Oxford/AstraZeneca, Pfizer/BioNTech",https://opendata.digilugu.ee
2021-03-06,46390,101198,145199,1306,Estonia,"Moderna, Oxford/AstraZeneca, Pfizer/BioNTech",https://opendata.digilugu.ee
2021-03-07,46426,102192,146198,1306,Estonia,"Moderna, Oxford/AstraZeneca, Pfizer/BioNTech",https://opendata.digilugu.ee
2021-03-08,46800,105607,149860,1316,Estonia,"Moderna, Oxford/AstraZeneca, Pfizer/BioNTech",https://opendata.digilugu.ee
2021-03-09,47998,109642,154968,1332,Estonia,"Moderna, Oxford/AstraZeneca, Pfizer/BioNTech",https://opendata.digilugu.ee
2021-03-10,50560,113643,161413,1366,Estonia,"Moderna, Oxford/AstraZeneca, Pfizer/BioNTech",https://opendata.digilugu.ee
2021-03-11,53681,121812,172507,1404,Estonia,"Moderna, Oxford/AstraZeneca, Pfizer/BioNTech",https://opendata.digilugu.ee
2021-03-12,55753,127539,180169,1471,Estonia,"Moderna, Oxford/AstraZeneca, Pfizer/BioNTech",https://opendata.digilugu.ee
2021-03-13,55934,132962,185671,1475,Estonia,"Moderna, Oxford/AstraZeneca, Pfizer/BioNTech",https://opendata.digilugu.ee
2021-03-14,56029,138227,190951,1481,Estonia,"Moderna, Oxford/AstraZeneca, Pfizer/BioNTech",https://opendata.digilugu.ee
2021-03-15,56386,141577,194571,1495,Estonia,"Moderna, Oxford/AstraZeneca, Pfizer/BioNTech",https://opendata.digilugu.ee
2021-03-16,57302,145320,199114,1512,Estonia,"Moderna, Oxford/AstraZeneca, Pfizer/BioNTech",https://opendata.digilugu.ee
2021-03-17,57784,150487,204538,1528,Estonia,"Moderna, Oxford/AstraZeneca, Pfizer/BioNTech",https://opendata.digilugu.ee
2021-03-18,58799,157122,211958,1569,Estonia,"Moderna, Oxford/AstraZeneca, Pfizer/BioNTech",https://opendata.digilugu.ee
2021-03-19,61228,163566,220579,1634,Estonia,"Moderna, Oxford/AstraZeneca, Pfizer/BioNTech",https://opendata.digilugu.ee
2021-03-20,61395,165787,222857,1635,Estonia,"Moderna, Oxford/AstraZeneca, Pfizer/BioNTech",https://opendata.digilugu.ee
2021-03-21,61486,167109,224201,1635,Estonia,"Moderna, Oxford/AstraZeneca, Pfizer/BioNTech",https://opendata.digilugu.ee
2021-03-22,62119,169060,226690,1640,Estonia,"Moderna, Oxford/AstraZeneca, Pfizer/BioNTech",https://opendata.digilugu.ee
2021-03-23,62423,171805,229616,1647,Estonia,"Moderna, Oxford/AstraZeneca, Pfizer/BioNTech",https://opendata.digilugu.ee
2021-03-24,62893,177051,235267,1707,Estonia,"Moderna, Oxford/AstraZeneca, Pfizer/BioNTech",https://opendata.digilugu.ee
2021-03-25,64597,185535,245302,1763,Estonia,"Moderna, Oxford/AstraZeneca, Pfizer/BioNTech",https://opendata.digilugu.ee
2021-03-26,65564,191345,251978,1794,Estonia,"Moderna, Oxford/AstraZeneca, Pfizer/BioNTech",https://opendata.digilugu.ee
2021-03-27,65854,193475,254366,1801,Estonia,"Moderna, Oxford/AstraZeneca, Pfizer/BioNTech",https://opendata.digilugu.ee
2021-03-28,65939,193961,254901,1806,Estonia,"Moderna, Oxford/AstraZeneca, Pfizer/BioNTech",https://opendata.digilugu.ee
2021-03-29,66423,195903,257185,1828,Estonia,"Moderna, Oxford/AstraZeneca, Pfizer/BioNTech",https://opendata.digilugu.ee
2021-03-30,67540,198490,260744,1869,Estonia,"Moderna, Oxford/AstraZeneca, Pfizer/BioNTech",https://opendata.digilugu.ee
2021-03-31,69308,202949,266719,1902,Estonia,"Moderna, Oxford/AstraZeneca, Pfizer/BioNTech",https://opendata.digilugu.ee
2021-04-01,73587,210935,278664,2004,Estonia,"Moderna, Oxford/AstraZeneca, Pfizer/BioNTech",https://opendata.digilugu.ee
2021-04-02,74053,214487,282598,2009,Estonia,"Moderna, Oxford/AstraZeneca, Pfizer/BioNTech",https://opendata.digilugu.ee
2021-04-03,74903,222282,291021,2057,Estonia,"Moderna, Oxford/AstraZeneca, Pfizer/BioNTech",https://opendata.digilugu.ee
2021-04-04,75133,226291,295169,2062,Estonia,"Moderna, Oxford/AstraZeneca, Pfizer/BioNTech",https://opendata.digilugu.ee
2021-04-05,76231,228797,298663,2108,Estonia,"Moderna, Oxford/AstraZeneca, Pfizer/BioNTech",https://opendata.digilugu.ee
2021-04-06,77416,231271,302272,2177,Estonia,"Moderna, Oxford/AstraZeneca, Pfizer/BioNTech",https://opendata.digilugu.ee
2021-04-07,78639,236164,308279,2216,Estonia,"Moderna, Oxford/AstraZeneca, Pfizer/BioNTech",https://opendata.digilugu.ee
2021-04-08,80200,247794,321176,2268,Estonia,"Moderna, Oxford/AstraZeneca, Pfizer/BioNTech",https://opendata.digilugu.ee
2021-04-09,81449,257362,331812,2350,Estonia,"Moderna, Oxford/AstraZeneca, Pfizer/BioNTech",https://opendata.digilugu.ee
2021-04-10,81888,258585,333440,2396,Estonia,"Moderna, Oxford/AstraZeneca, Pfizer/BioNTech",https://opendata.digilugu.ee
2021-04-11,81942,258870,333770,2396,Estonia,"Moderna, Oxford/AstraZeneca, Pfizer/BioNTech",https://opendata.digilugu.ee
2021-04-12,82407,260338,335686,2452,Estonia,"Moderna, Oxford/AstraZeneca, Pfizer/BioNTech",https://opendata.digilugu.ee
2021-04-13,83047,262620,338544,2468,Estonia,"Moderna, Oxford/AstraZeneca, Pfizer/BioNTech",https://opendata.digilugu.ee
2021-04-14,85056,267963,345760,2553,Estonia,"Johnson&Johnson, Moderna, Oxford/AstraZeneca, Pfizer/BioNTech",https://opendata.digilugu.ee
2021-04-15,88434,277270,358279,2691,Estonia,"Johnson&Johnson, Moderna, Oxford/AstraZeneca, Pfizer/BioNTech",https://opendata.digilugu.ee
2021-04-16,91990,285491,369804,2830,Estonia,"Johnson&Johnson, Moderna, Oxford/AstraZeneca, Pfizer/BioNTech",https://opendata.digilugu.ee
2021-04-17,92766,286815,371863,2866,Estonia,"Johnson&Johnson, Moderna, Oxford/AstraZeneca, Pfizer/BioNTech",https://opendata.digilugu.ee
2021-04-18,93229,287790,373270,2885,Estonia,"Johnson&Johnson, Moderna, Oxford/AstraZeneca, Pfizer/BioNTech",https://opendata.digilugu.ee
2021-04-19,94649,289030,375882,2920,Estonia,"Johnson&Johnson, Moderna, Oxford/AstraZeneca, Pfizer/BioNTech",https://opendata.digilugu.ee
2021-04-20,97036,290968,380109,2983,Estonia,"Johnson&Johnson, Moderna, Oxford/AstraZeneca, Pfizer/BioNTech",https://opendata.digilugu.ee
2021-04-21,98012,295252,385210,3055,Estonia,"Johnson&Johnson, Moderna, Oxford/AstraZeneca, Pfizer/BioNTech",https://opendata.digilugu.ee
2021-04-22,101654,303454,396792,3190,Estonia,"Johnson&Johnson, Moderna, Oxford/AstraZeneca, Pfizer/BioNTech",https://opendata.digilugu.ee
2021-04-23,105026,309146,405694,3298,Estonia,"Johnson&Johnson, Moderna, Oxford/AstraZeneca, Pfizer/BioNTech",https://opendata.digilugu.ee
2021-04-24,107271,310011,408762,3360,Estonia,"Johnson&Johnson, Moderna, Oxford/AstraZeneca, Pfizer/BioNTech",https://opendata.digilugu.ee
2021-04-25,108507,311219,411154,3391,Estonia,"Johnson&Johnson, Moderna, Oxford/AstraZeneca, Pfizer/BioNTech",https://opendata.digilugu.ee
2021-04-26,110347,312672,414384,3445,Estonia,"Johnson&Johnson, Moderna, Oxford/AstraZeneca, Pfizer/BioNTech",https://opendata.digilugu.ee
2021-04-27,113774,316155,421222,3540,Estonia,"Johnson&Johnson, Moderna, Oxford/AstraZeneca, Pfizer/BioNTech",https://opendata.digilugu.ee
2021-04-28,118594,322800,432432,3713,Estonia,"Johnson&Johnson, Moderna, Oxford/AstraZeneca, Pfizer/BioNTech",https://opendata.digilugu.ee
2021-04-29,125506,331016,447203,4010,Estonia,"Johnson&Johnson, Moderna, Oxford/AstraZeneca, Pfizer/BioNTech",https://opendata.digilugu.ee
2021-04-30,132055,336635,459062,4243,Estonia,"Johnson&Johnson, Moderna, Oxford/AstraZeneca, Pfizer/BioNTech",https://opendata.digilugu.ee
2021-05-01,134174,337586,462077,4273,Estonia,"Johnson&Johnson, Moderna, Oxford/AstraZeneca, Pfizer/BioNTech",https://opendata.digilugu.ee
2021-05-02,135174,339146,464519,4300,Estonia,"Johnson&Johnson, Moderna, Oxford/AstraZeneca, Pfizer/BioNTech",https://opendata.digilugu.ee
2021-05-03,138744,341471,470258,4370,Estonia,"Johnson&Johnson, Moderna, Oxford/AstraZeneca, Pfizer/BioNTech",https://opendata.digilugu.ee
2021-05-04,142703,346431,478951,4483,Estonia,"Johnson&Johnson, Moderna, Oxford/AstraZeneca, Pfizer/BioNTech",https://opendata.digilugu.ee
2021-05-05,148845,353694,492046,4711,Estonia,"Johnson&Johnson, Moderna, Oxford/AstraZeneca, Pfizer/BioNTech",https://opendata.digilugu.ee
2021-05-06,158305,362304,509605,5035,Estonia,"Johnson&Johnson, Moderna, Oxford/AstraZeneca, Pfizer/BioNTech",https://opendata.digilugu.ee
2021-05-07,166209,368577,523364,5319,Estonia,"Johnson&Johnson, Moderna, Oxford/AstraZeneca, Pfizer/BioNTech",https://opendata.digilugu.ee
2021-05-08,168810,371637,528870,5367,Estonia,"Johnson&Johnson, Moderna, Oxford/AstraZeneca, Pfizer/BioNTech",https://opendata.digilugu.ee
2021-05-09,170946,372803,532066,5386,Estonia,"Johnson&Johnson, Moderna, Oxford/AstraZeneca, Pfizer/BioNTech",https://opendata.digilugu.ee
2021-05-10,173305,374993,536383,5430,Estonia,"Johnson&Johnson, Moderna, Oxford/AstraZeneca, Pfizer/BioNTech",https://opendata.digilugu.ee
2021-05-11,175995,378732,542581,5543,Estonia,"Johnson&Johnson, Moderna, Oxford/AstraZeneca, Pfizer/BioNTech",https://opendata.digilugu.ee
2021-05-12,180484,384728,552693,5795,Estonia,"Johnson&Johnson, Moderna, Oxford/AstraZeneca, Pfizer/BioNTech",https://opendata.digilugu.ee
2021-05-13,188054,390541,565618,6082,Estonia,"Johnson&Johnson, Moderna, Oxford/AstraZeneca, Pfizer/BioNTech",https://opendata.digilugu.ee
2021-05-14,191310,396657,574385,6231,Estonia,"Johnson&Johnson, Moderna, Oxford/AstraZeneca, Pfizer/BioNTech",https://opendata.digilugu.ee
2021-05-15,191841,399789,577838,6249,Estonia,"Johnson&Johnson, Moderna, Oxford/AstraZeneca, Pfizer/BioNTech",https://opendata.digilugu.ee
2021-05-16,191998,400721,578801,6249,Estonia,"Johnson&Johnson, Moderna, Oxford/AstraZeneca, Pfizer/BioNTech",https://opendata.digilugu.ee
2021-05-17,193964,406608,585742,6313,Estonia,"Johnson&Johnson, Moderna, Oxford/AstraZeneca, Pfizer/BioNTech",https://opendata.digilugu.ee
2021-05-18,196886,412463,593654,6387,Estonia,"Johnson&Johnson, Moderna, Oxford/AstraZeneca, Pfizer/BioNTech",https://opendata.digilugu.ee
2021-05-19,201802,417684,602629,6522,Estonia,"Johnson&Johnson, Moderna, Oxford/AstraZeneca, Pfizer/BioNTech",https://opendata.digilugu.ee
2021-05-20,212567,423002,617333,6742,Estonia,"Johnson&Johnson, Moderna, Oxford/AstraZeneca, Pfizer/BioNTech",https://opendata.digilugu.ee
2021-05-21,221745,429616,631613,6915,Estonia,"Johnson&Johnson, Moderna, Oxford/AstraZeneca, Pfizer/BioNTech",https://opendata.digilugu.ee
2021-05-22,223275,433715,636474,6928,Estonia,"Johnson&Johnson, Moderna, Oxford/AstraZeneca, Pfizer/BioNTech",https://opendata.digilugu.ee
2021-05-23,224110,437047,640202,6930,Estonia,"Johnson&Johnson, Moderna, Oxford/AstraZeneca, Pfizer/BioNTech",https://opendata.digilugu.ee
2021-05-24,226369,441429,645700,6987,Estonia,"Johnson&Johnson, Moderna, Oxford/AstraZeneca, Pfizer/BioNTech",https://opendata.digilugu.ee
2021-05-25,229117,446408,652711,7038,Estonia,"Johnson&Johnson, Moderna, Oxford/AstraZeneca, Pfizer/BioNTech",https://opendata.digilugu.ee
2021-05-26,235691,452192,664119,7156,Estonia,"Johnson&Johnson, Moderna, Oxford/AstraZeneca, Pfizer/BioNTech",https://opendata.digilugu.ee
2021-05-27,247230,457923,680278,7364,Estonia,"Johnson&Johnson, Moderna, Oxford/AstraZeneca, Pfizer/BioNTech",https://opendata.digilugu.ee
2021-05-28,256931,462651,692767,7562,Estonia,"Johnson&Johnson, Moderna, Oxford/AstraZeneca, Pfizer/BioNTech",https://opendata.digilugu.ee
2021-05-29,259388,466485,697974,7595,Estonia,"Johnson&Johnson, Moderna, Oxford/AstraZeneca, Pfizer/BioNTech",https://opendata.digilugu.ee
2021-05-30,260940,470016,702511,7606,Estonia,"Johnson&Johnson, Moderna, Oxford/AstraZeneca, Pfizer/BioNTech",https://opendata.digilugu.ee
2021-05-31,262921,472317,706227,7655,Estonia,"Johnson&Johnson, Moderna, Oxford/AstraZeneca, Pfizer/BioNTech",https://opendata.digilugu.ee
2021-06-01,267213,478063,714796,7738,Estonia,"Johnson&Johnson, Moderna, Oxford/AstraZeneca, Pfizer/BioNTech",https://opendata.digilugu.ee
2021-06-02,273192,483821,725772,7862,Estonia,"Johnson&Johnson, Moderna, Oxford/AstraZeneca, Pfizer/BioNTech",https://opendata.digilugu.ee
2021-06-03,281808,489934,739781,8046,Estonia,"Johnson&Johnson, Moderna, Oxford/AstraZeneca, Pfizer/BioNTech",https://opendata.digilugu.ee
2021-06-04,289274,494953,751412,8219,Estonia,"Johnson&Johnson, Moderna, Oxford/AstraZeneca, Pfizer/BioNTech",https://opendata.digilugu.ee
2021-06-05,292519,498407,756615,8235,Estonia,"Johnson&Johnson, Moderna, Oxford/AstraZeneca, Pfizer/BioNTech",https://opendata.digilugu.ee
2021-06-06,296268,500024,761831,8276,Estonia,"Johnson&Johnson, Moderna, Oxford/AstraZeneca, Pfizer/BioNTech",https://opendata.digilugu.ee
2021-06-07,300219,503001,768112,8342,Estonia,"Johnson&Johnson, Moderna, Oxford/AstraZeneca, Pfizer/BioNTech",https://opendata.digilugu.ee
2021-06-08,306271,507221,777684,8449,Estonia,"Johnson&Johnson, Moderna, Oxford/AstraZeneca, Pfizer/BioNTech",https://opendata.digilugu.ee
2021-06-09,316009,511561,791149,8639,Estonia,"Johnson&Johnson, Moderna, Oxford/AstraZeneca, Pfizer/BioNTech",https://opendata.digilugu.ee
2021-06-10,327171,515884,806074,8826,Estonia,"Johnson&Johnson, Moderna, Oxford/AstraZeneca, Pfizer/BioNTech",https://opendata.digilugu.ee
2021-06-11,336115,519302,817942,8977,Estonia,"Johnson&Johnson, Moderna, Oxford/AstraZeneca, Pfizer/BioNTech",https://opendata.digilugu.ee
2021-06-12,340903,521503,824774,9030,Estonia,"Johnson&Johnson, Moderna, Oxford/AstraZeneca, Pfizer/BioNTech",https://opendata.digilugu.ee
2021-06-13,343985,523192,829351,9056,Estonia,"Johnson&Johnson, Moderna, Oxford/AstraZeneca, Pfizer/BioNTech",https://opendata.digilugu.ee
2021-06-14,349170,526346,837112,9150,Estonia,"Johnson&Johnson, Moderna, Oxford/AstraZeneca, Pfizer/BioNTech",https://opendata.digilugu.ee
2021-06-15,356660,529789,847664,9295,Estonia,"Johnson&Johnson, Moderna, Oxford/AstraZeneca, Pfizer/BioNTech",https://opendata.digilugu.ee
2021-06-16,367456,532705,860904,9474,Estonia,"Johnson&Johnson, Moderna, Oxford/AstraZeneca, Pfizer/BioNTech",https://opendata.digilugu.ee
2021-06-17,379119,535614,875026,9702,Estonia,"Johnson&Johnson, Moderna, Oxford/AstraZeneca, Pfizer/BioNTech",https://opendata.digilugu.ee
2021-06-18,390511,540094,889068,9875,Estonia,"Johnson&Johnson, Moderna, Oxford/AstraZeneca, Pfizer/BioNTech",https://opendata.digilugu.ee
2021-06-19,395413,541714,895327,9937,Estonia,"Johnson&Johnson, Moderna, Oxford/AstraZeneca, Pfizer/BioNTech",https://opendata.digilugu.ee
2021-06-20,398073,543487,899368,9972,Estonia,"Johnson&Johnson, Moderna, Oxford/AstraZeneca, Pfizer/BioNTech",https://opendata.digilugu.ee
2021-06-21,404605,546378,907991,10111,Estonia,"Johnson&Johnson, Moderna, Oxford/AstraZeneca, Pfizer/BioNTech",https://opendata.digilugu.ee
2021-06-22,408989,548200,913852,10184,Estonia,"Johnson&Johnson, Moderna, Oxford/AstraZeneca, Pfizer/BioNTech",https://opendata.digilugu.ee
2021-06-23,409112,548203,913978,10184,Estonia,"Johnson&Johnson, Moderna, Oxford/AstraZeneca, Pfizer/BioNTech",https://opendata.digilugu.ee
2021-06-24,409268,548239,914154,10187,Estonia,"Johnson&Johnson, Moderna, Oxford/AstraZeneca, Pfizer/BioNTech",https://opendata.digilugu.ee
2021-06-25,415310,550248,921797,10288,Estonia,"Johnson&Johnson, Moderna, Oxford/AstraZeneca, Pfizer/BioNTech",https://opendata.digilugu.ee
2021-06-26,418986,551396,926250,10319,Estonia,"Johnson&Johnson, Moderna, Oxford/AstraZeneca, Pfizer/BioNTech",https://opendata.digilugu.ee
2021-06-27,422544,552619,930675,10351,Estonia,"Johnson&Johnson, Moderna, Oxford/AstraZeneca, Pfizer/BioNTech",https://opendata.digilugu.ee
2021-06-28,428665,554540,938155,10490,Estonia,"Johnson&Johnson, Moderna, Oxford/AstraZeneca, Pfizer/BioNTech",https://opendata.digilugu.ee
2021-06-29,435301,556718,946563,10583,Estonia,"Johnson&Johnson, Moderna, Oxford/AstraZeneca, Pfizer/BioNTech",https://opendata.digilugu.ee
2021-06-30,442327,559146,955423,10714,Estonia,"Johnson&Johnson, Moderna, Oxford/AstraZeneca, Pfizer/BioNTech",https://opendata.digilugu.ee
2021-07-01,447830,561536,962808,10860,Estonia,"Johnson&Johnson, Moderna, Oxford/AstraZeneca, Pfizer/BioNTech",https://opendata.digilugu.ee
2021-07-02,453584,563880,970210,10982,Estonia,"Johnson&Johnson, Moderna, Oxford/AstraZeneca, Pfizer/BioNTech",https://opendata.digilugu.ee
2021-07-03,457828,565220,975241,11059,Estonia,"Johnson&Johnson, Moderna, Oxford/AstraZeneca, Pfizer/BioNTech",https://opendata.digilugu.ee
2021-07-04,462703,566571,980763,11144,Estonia,"Johnson&Johnson, Moderna, Oxford/AstraZeneca, Pfizer/BioNTech",https://opendata.digilugu.ee
2021-07-05,465403,569099,985377,11188,Estonia,"Johnson&Johnson, Moderna, Oxford/AstraZeneca, Pfizer/BioNTech",https://opendata.digilugu.ee
2021-07-06,471791,571667,993723,11290,Estonia,"Johnson&Johnson, Moderna, Oxford/AstraZeneca, Pfizer/BioNTech",https://opendata.digilugu.ee
2021-07-07,476542,574170,1000322,11447,Estonia,"Johnson&Johnson, Moderna, Oxford/AstraZeneca, Pfizer/BioNTech",https://opendata.digilugu.ee
2021-07-08,482631,576824,1008433,11609,Estonia,"Johnson&Johnson, Moderna, Oxford/AstraZeneca, Pfizer/BioNTech",https://opendata.digilugu.ee
2021-07-09,487223,579696,1015061,11714,Estonia,"Johnson&Johnson, Moderna, Oxford/AstraZeneca, Pfizer/BioNTech",https://opendata.digilugu.ee
2021-07-10,489410,581250,1018335,11792,Estonia,"Johnson&Johnson, Moderna, Oxford/AstraZeneca, Pfizer/BioNTech",https://opendata.digilugu.ee
2021-07-11,492824,582818,1023082,11862,Estonia,"Johnson&Johnson, Moderna, Oxford/AstraZeneca, Pfizer/BioNTech",https://opendata.digilugu.ee
2021-07-12,496004,584659,1027544,11965,Estonia,"Johnson&Johnson, Moderna, Oxford/AstraZeneca, Pfizer/BioNTech",https://opendata.digilugu.ee
2021-07-13,500980,587101,1034186,12066,Estonia,"Johnson&Johnson, Moderna, Oxford/AstraZeneca, Pfizer/BioNTech",https://opendata.digilugu.ee
2021-07-14,506477,589359,1041321,12188,Estonia,"Johnson&Johnson, Moderna, Oxford/AstraZeneca, Pfizer/BioNTech",https://opendata.digilugu.ee
2021-07-15,512223,592334,1048821,12357,Estonia,"Johnson&Johnson, Moderna, Oxford/AstraZeneca, Pfizer/BioNTech",https://opendata.digilugu.ee
2021-07-16,516059,594329,1053814,12505,Estonia,"Johnson&Johnson, Moderna, Oxford/AstraZeneca, Pfizer/BioNTech",https://opendata.digilugu.ee
2021-07-17,517200,595598,1055692,12530,Estonia,"Johnson&Johnson, Moderna, Oxford/AstraZeneca, Pfizer/BioNTech",https://opendata.digilugu.ee
2021-07-18,519421,598643,1060029,12565,Estonia,"Johnson&Johnson, Moderna, Oxford/AstraZeneca, Pfizer/BioNTech",https://opendata.digilugu.ee
2021-07-19,523251,601753,1065872,12656,Estonia,"Johnson&Johnson, Moderna, Oxford/AstraZeneca, Pfizer/BioNTech",https://opendata.digilugu.ee
2021-07-20,529114,605053,1074031,12756,Estonia,"Johnson&Johnson, Moderna, Oxford/AstraZeneca, Pfizer/BioNTech",https://opendata.digilugu.ee
2021-07-21,533762,608105,1080933,12852,Estonia,"Johnson&Johnson, Moderna, Oxford/AstraZeneca, Pfizer/BioNTech",https://opendata.digilugu.ee
2021-07-22,539137,611880,1088680,12960,Estonia,"Johnson&Johnson, Moderna, Oxford/AstraZeneca, Pfizer/BioNTech",https://opendata.digilugu.ee
2021-07-23,543520,616058,1096104,13063,Estonia,"Johnson&Johnson, Moderna, Oxford/AstraZeneca, Pfizer/BioNTech",https://opendata.digilugu.ee
2021-07-24,545296,618405,1099447,13096,Estonia,"Johnson&Johnson, Moderna, Oxford/AstraZeneca, Pfizer/BioNTech",https://opendata.digilugu.ee
2021-07-25,547065,620665,1102660,13141,Estonia,"Johnson&Johnson, Moderna, Oxford/AstraZeneca, Pfizer/BioNTech",https://opendata.digilugu.ee
2021-07-26,550437,623889,1108249,13190,Estonia,"Johnson&Johnson, Moderna, Oxford/AstraZeneca, Pfizer/BioNTech",https://opendata.digilugu.ee
2021-07-27,554638,626544,1114384,13291,Estonia,"Johnson&Johnson, Moderna, Oxford/AstraZeneca, Pfizer/BioNTech",https://opendata.digilugu.ee
2021-07-28,557985,629610,1119902,13402,Estonia,"Johnson&Johnson, Moderna, Oxford/AstraZeneca, Pfizer/BioNTech",https://opendata.digilugu.ee
2021-07-29,560551,633013,1125127,13510,Estonia,"Johnson&Johnson, Moderna, Oxford/AstraZeneca, Pfizer/BioNTech",https://opendata.digilugu.ee
2021-07-30,563163,636232,1130266,13678,Estonia,"Johnson&Johnson, Moderna, Oxford/AstraZeneca, Pfizer/BioNTech",https://opendata.digilugu.ee
2021-07-31,564759,638285,1133228,13715,Estonia,"Johnson&Johnson, Moderna, Oxford/AstraZeneca, Pfizer/BioNTech",https://opendata.digilugu.ee
2021-08-01,566237,640263,1136017,13755,Estonia,"Johnson&Johnson, Moderna, Oxford/AstraZeneca, Pfizer/BioNTech",https://opendata.digilugu.ee
2021-08-02,569152,644092,1141930,13860,Estonia,"Johnson&Johnson, Moderna, Oxford/AstraZeneca, Pfizer/BioNTech",https://opendata.digilugu.ee
2021-08-03,572100,648384,1148184,14032,Estonia,"Johnson&Johnson, Moderna, Oxford/AstraZeneca, Pfizer/BioNTech",https://opendata.digilugu.ee
2021-08-04,575176,653100,1154350,14179,Estonia,"Johnson&Johnson, Moderna, Oxford/AstraZeneca, Pfizer/BioNTech",https://opendata.digilugu.ee
2021-08-05,577820,657041,1159751,14310,Estonia,"Johnson&Johnson, Moderna, Oxford/AstraZeneca, Pfizer/BioNTech",https://opendata.digilugu.ee
2021-08-06,581032,661997,1166502,14489,Estonia,"Johnson&Johnson, Moderna, Oxford/AstraZeneca, Pfizer/BioNTech",https://opendata.digilugu.ee
2021-08-07,582759,664624,1170051,14574,Estonia,"Johnson&Johnson, Moderna, Oxford/AstraZeneca, Pfizer/BioNTech",https://opendata.digilugu.ee
2021-08-08,583603,666341,1172120,14639,Estonia,"Johnson&Johnson, Moderna, Oxford/AstraZeneca, Pfizer/BioNTech",https://opendata.digilugu.ee
2021-08-09,586570,670228,1177634,14754,Estonia,"Johnson&Johnson, Moderna, Oxford/AstraZeneca, Pfizer/BioNTech",https://opendata.digilugu.ee
2021-08-10,589864,674441,1183785,14896,Estonia,"Johnson&Johnson, Moderna, Oxford/AstraZeneca, Pfizer/BioNTech",https://opendata.digilugu.ee
2021-08-11,592772,678374,1189515,15058,Estonia,"Johnson&Johnson, Moderna, Oxford/AstraZeneca, Pfizer/BioNTech",https://opendata.digilugu.ee
2021-08-12,595623,682135,1195213,15219,Estonia,"Johnson&Johnson, Moderna, Oxford/AstraZeneca, Pfizer/BioNTech",https://opendata.digilugu.ee
2021-08-13,598729,686101,1201146,15414,Estonia,"Johnson&Johnson, Moderna, Oxford/AstraZeneca, Pfizer/BioNTech",https://opendata.digilugu.ee
2021-08-14,601247,688914,1205733,15585,Estonia,"Johnson&Johnson, Moderna, Oxford/AstraZeneca, Pfizer/BioNTech",https://opendata.digilugu.ee
2021-08-15,602407,690478,1208099,15677,Estonia,"Johnson&Johnson, Moderna, Oxford/AstraZeneca, Pfizer/BioNTech",https://opendata.digilugu.ee
2021-08-16,605479,693711,1213498,15828,Estonia,"Johnson&Johnson, Moderna, Oxford/AstraZeneca, Pfizer/BioNTech",https://opendata.digilugu.ee
2021-08-17,608162,696592,1218393,15972,Estonia,"Johnson&Johnson, Moderna, Oxford/AstraZeneca, Pfizer/BioNTech",https://opendata.digilugu.ee
2021-08-18,610903,699844,1223681,16150,Estonia,"Johnson&Johnson, Moderna, Oxford/AstraZeneca, Pfizer/BioNTech",https://opendata.digilugu.ee
2021-08-19,614284,703106,1229468,16376,Estonia,"Johnson&Johnson, Moderna, Oxford/AstraZeneca, Pfizer/BioNTech",https://opendata.digilugu.ee
2021-08-20,615045,703942,1230887,16427,Estonia,"Johnson&Johnson, Moderna, Oxford/AstraZeneca, Pfizer/BioNTech",https://opendata.digilugu.ee
2021-08-21,616352,705784,1233684,16534,Estonia,"Johnson&Johnson, Moderna, Oxford/AstraZeneca, Pfizer/BioNTech",https://opendata.digilugu.ee
2021-08-22,616822,706966,1235085,16584,Estonia,"Johnson&Johnson, Moderna, Oxford/AstraZeneca, Pfizer/BioNTech",https://opendata.digilugu.ee
2021-08-23,619077,709350,1239212,16757,Estonia,"Johnson&Johnson, Moderna, Oxford/AstraZeneca, Pfizer/BioNTech",https://opendata.digilugu.ee
2021-08-24,621448,711633,1243370,16929,Estonia,"Johnson&Johnson, Moderna, Oxford/AstraZeneca, Pfizer/BioNTech",https://opendata.digilugu.ee
2021-08-25,624031,714210,1247905,17142,Estonia,"Johnson&Johnson, Moderna, Oxford/AstraZeneca, Pfizer/BioNTech",https://opendata.digilugu.ee
2021-08-26,626138,716286,1251646,17325,Estonia,"Johnson&Johnson, Moderna, Oxford/AstraZeneca, Pfizer/BioNTech",https://opendata.digilugu.ee
2021-08-27,628704,719160,1256463,17583,Estonia,"Johnson&Johnson, Moderna, Oxford/AstraZeneca, Pfizer/BioNTech",https://opendata.digilugu.ee
2021-08-28,630619,721425,1260132,17756,Estonia,"Johnson&Johnson, Moderna, Oxford/AstraZeneca, Pfizer/BioNTech",https://opendata.digilugu.ee
2021-08-29,632836,723292,1263883,17915,Estonia,"Johnson&Johnson, Moderna, Oxford/AstraZeneca, Pfizer/BioNTech",https://opendata.digilugu.ee
2021-08-30,635314,725092,1267742,18071,Estonia,"Johnson&Johnson, Moderna, Oxford/AstraZeneca, Pfizer/BioNTech",https://opendata.digilugu.ee
2021-08-31,638957,726891,1272797,18302,Estonia,"Johnson&Johnson, Moderna, Oxford/AstraZeneca, Pfizer/BioNTech",https://opendata.digilugu.ee
2021-09-01,640467,727907,1275157,18424,Estonia,"Johnson&Johnson, Moderna, Oxford/AstraZeneca, Pfizer/BioNTech",https://opendata.digilugu.ee
2021-09-02,642763,729549,1278663,18638,Estonia,"Johnson&Johnson, Moderna, Oxford/AstraZeneca, Pfizer/BioNTech",https://opendata.digilugu.ee
2021-09-03,644951,731030,1281973,18846,Estonia,"Johnson&Johnson, Moderna, Oxford/AstraZeneca, Pfizer/BioNTech",https://opendata.digilugu.ee
2021-09-04,647284,732164,1285154,19001,Estonia,"Johnson&Johnson, Moderna, Oxford/AstraZeneca, Pfizer/BioNTech",https://opendata.digilugu.ee
2021-09-05,649234,732621,1287498,19135,Estonia,"Johnson&Johnson, Moderna, Oxford/AstraZeneca, Pfizer/BioNTech",https://opendata.digilugu.ee
2021-09-06,651965,733912,1291202,19330,Estonia,"Johnson&Johnson, Moderna, Oxford/AstraZeneca, Pfizer/BioNTech",https://opendata.digilugu.ee
2021-09-07,654591,735242,1294813,19536,Estonia,"Johnson&Johnson, Moderna, Oxford/AstraZeneca, Pfizer/BioNTech",https://opendata.digilugu.ee
2021-09-08,657077,736386,1298195,19728,Estonia,"Johnson&Johnson, Moderna, Oxford/AstraZeneca, Pfizer/BioNTech",https://opendata.digilugu.ee
2021-09-09,659629,737518,1301656,19960,Estonia,"Johnson&Johnson, Moderna, Oxford/AstraZeneca, Pfizer/BioNTech",https://opendata.digilugu.ee
2021-09-10,662301,738656,1305301,20243,Estonia,"Johnson&Johnson, Moderna, Oxford/AstraZeneca, Pfizer/BioNTech",https://opendata.digilugu.ee
2021-09-11,664360,739516,1308049,20387,Estonia,"Johnson&Johnson, Moderna, Oxford/AstraZeneca, Pfizer/BioNTech",https://opendata.digilugu.ee
2021-09-12,666063,739962,1310183,20533,Estonia,"Johnson&Johnson, Moderna, Oxford/AstraZeneca, Pfizer/BioNTech",https://opendata.digilugu.ee
2021-09-13,669018,740906,1313914,20732,Estonia,"Johnson&Johnson, Moderna, Oxford/AstraZeneca, Pfizer/BioNTech",https://opendata.digilugu.ee
2021-09-14,672245,742038,1318036,20950,Estonia,"Johnson&Johnson, Moderna, Oxford/AstraZeneca, Pfizer/BioNTech",https://opendata.digilugu.ee
2021-09-15,675256,743113,1321974,21209,Estonia,"Johnson&Johnson, Moderna, Oxford/AstraZeneca, Pfizer/BioNTech",https://opendata.digilugu.ee
2021-09-16,678236,744288,1325817,21463,Estonia,"Johnson&Johnson, Moderna, Oxford/AstraZeneca, Pfizer/BioNTech",https://opendata.digilugu.ee
2021-09-17,681394,745717,1329882,21756,Estonia,"Johnson&Johnson, Moderna, Oxford/AstraZeneca, Pfizer/BioNTech",https://opendata.digilugu.ee
2021-09-18,683824,746746,1332918,21947,Estonia,"Johnson&Johnson, Moderna, Oxford/AstraZeneca, Pfizer/BioNTech",https://opendata.digilugu.ee
2021-09-19,685254,747443,1334675,22053,Estonia,"Johnson&Johnson, Moderna, Oxford/AstraZeneca, Pfizer/BioNTech",https://opendata.digilugu.ee
2021-09-20,687851,748280,1337825,22237,Estonia,"Johnson&Johnson, Moderna, Oxford/AstraZeneca, Pfizer/BioNTech",https://opendata.digilugu.ee
2021-09-21,691138,749109,1341853,22495,Estonia,"Johnson&Johnson, Moderna, Oxford/AstraZeneca, Pfizer/BioNTech",https://opendata.digilugu.ee
2021-09-22,694369,750131,1345896,22772,Estonia,"Johnson&Johnson, Moderna, Oxford/AstraZeneca, Pfizer/BioNTech",https://opendata.digilugu.ee
2021-09-23,697682,751556,1350028,23027,Estonia,"Johnson&Johnson, Moderna, Oxford/AstraZeneca, Pfizer/BioNTech",https://opendata.digilugu.ee
2021-09-24,701342,752980,1354543,23359,Estonia,"Johnson&Johnson, Moderna, Oxford/AstraZeneca, Pfizer/BioNTech",https://opendata.digilugu.ee
2021-09-25,704287,753991,1358023,23593,Estonia,"Johnson&Johnson, Moderna, Oxford/AstraZeneca, Pfizer/BioNTech",https://opendata.digilugu.ee
2021-09-26,706045,754530,1360048,23700,Estonia,"Johnson&Johnson, Moderna, Oxford/AstraZeneca, Pfizer/BioNTech",https://opendata.digilugu.ee
2021-09-27,707422,755023,1361715,23788,Estonia,"Johnson&Johnson, Moderna, Oxford/AstraZeneca, Pfizer/BioNTech",https://opendata.digilugu.ee
2021-09-28,710167,756242,1365196,24030,Estonia,"Johnson&Johnson, Moderna, Oxford/AstraZeneca, Pfizer/BioNTech",https://opendata.digilugu.ee
2021-09-29,712316,757269,1367947,24236,Estonia,"Johnson&Johnson, Moderna, Oxford/AstraZeneca, Pfizer/BioNTech",https://opendata.digilugu.ee
2021-09-30,714549,758202,1370824,24464,Estonia,"Johnson&Johnson, Moderna, Oxford/AstraZeneca, Pfizer/BioNTech",https://opendata.digilugu.ee
2021-10-01,716373,759177,1373153,24670,Estonia,"Johnson&Johnson, Moderna, Oxford/AstraZeneca, Pfizer/BioNTech",https://opendata.digilugu.ee
2021-10-02,718190,759757,1375334,24832,Estonia,"Johnson&Johnson, Moderna, Oxford/AstraZeneca, Pfizer/BioNTech",https://opendata.digilugu.ee
2021-10-03,718706,760039,1376005,24880,Estonia,"Johnson&Johnson, Moderna, Oxford/AstraZeneca, Pfizer/BioNTech",https://opendata.digilugu.ee
2021-10-04,720101,760687,1377778,25021,Estonia,"Johnson&Johnson, Moderna, Oxford/AstraZeneca, Pfizer/BioNTech",https://opendata.digilugu.ee
2021-10-05,721807,761473,1379998,25207,Estonia,"Johnson&Johnson, Moderna, Oxford/AstraZeneca, Pfizer/BioNTech",https://opendata.digilugu.ee
2021-10-06,723395,762205,1382093,25403,Estonia,"Johnson&Johnson, Moderna, Oxford/AstraZeneca, Pfizer/BioNTech",https://opendata.digilugu.ee
2021-10-07,724859,762995,1384167,25699,Estonia,"Johnson&Johnson, Moderna, Oxford/AstraZeneca, Pfizer/BioNTech",https://opendata.digilugu.ee
2021-10-08,726517,763957,1386731,26166,Estonia,"Johnson&Johnson, Moderna, Oxford/AstraZeneca, Pfizer/BioNTech",https://opendata.digilugu.ee
2021-10-09,728192,764583,1388881,26394,Estonia,"Johnson&Johnson, Moderna, Oxford/AstraZeneca, Pfizer/BioNTech",https://opendata.digilugu.ee
2021-10-10,729137,764934,1390147,26545,Estonia,"Johnson&Johnson, Moderna, Oxford/AstraZeneca, Pfizer/BioNTech",https://opendata.digilugu.ee
2021-10-11,730423,765545,1392143,27032,Estonia,"Johnson&Johnson, Moderna, Oxford/AstraZeneca, Pfizer/BioNTech",https://opendata.digilugu.ee
2021-10-12,731922,766311,1394758,27802,Estonia,"Johnson&Johnson, Moderna, Oxford/AstraZeneca, Pfizer/BioNTech",https://opendata.digilugu.ee
2021-10-13,733180,767113,1397016,28475,Estonia,"Johnson&Johnson, Moderna, Oxford/AstraZeneca, Pfizer/BioNTech",https://opendata.digilugu.ee
2021-10-14,734587,768138,1399927,29516,Estonia,"Johnson&Johnson, Moderna, Oxford/AstraZeneca, Pfizer/BioNTech",https://opendata.digilugu.ee
2021-10-15,736326,769421,1403634,30939,Estonia,"Johnson&Johnson, Moderna, Oxford/AstraZeneca, Pfizer/BioNTech",https://opendata.digilugu.ee
2021-10-16,737102,770043,1405186,31439,Estonia,"Johnson&Johnson, Moderna, Oxford/AstraZeneca, Pfizer/BioNTech",https://opendata.digilugu.ee
2021-10-17,737885,770776,1406615,31771,Estonia,"Johnson&Johnson, Moderna, Oxford/AstraZeneca, Pfizer/BioNTech",https://opendata.digilugu.ee
2021-10-18,739123,771742,1409450,32946,Estonia,"Johnson&Johnson, Moderna, Oxford/AstraZeneca, Pfizer/BioNTech",https://opendata.digilugu.ee
2021-10-19,740405,772705,1412930,34728,Estonia,"Johnson&Johnson, Moderna, Oxford/AstraZeneca, Pfizer/BioNTech",https://opendata.digilugu.ee
2021-10-20,742045,774286,1416828,36318,Estonia,"Johnson&Johnson, Moderna, Oxford/AstraZeneca, Pfizer/BioNTech",https://opendata.digilugu.ee
2021-10-21,743746,776031,1421391,38423,Estonia,"Johnson&Johnson, Moderna, Oxford/AstraZeneca, Pfizer/BioNTech",https://opendata.digilugu.ee
2021-10-22,746290,778756,1428307,41617,Estonia,"Johnson&Johnson, Moderna, Oxford/AstraZeneca, Pfizer/BioNTech",https://opendata.digilugu.ee
2021-10-23,747611,780358,1430984,42311,Estonia,"Johnson&Johnson, Moderna, Oxford/AstraZeneca, Pfizer/BioNTech",https://opendata.digilugu.ee
2021-10-24,748541,781452,1432688,42701,Estonia,"Johnson&Johnson, Moderna, Oxford/AstraZeneca, Pfizer/BioNTech",https://opendata.digilugu.ee
2021-10-25,750179,783429,1438041,45598,Estonia,"Johnson&Johnson, Moderna, Oxford/AstraZeneca, Pfizer/BioNTech",https://opendata.digilugu.ee
2021-10-26,752166,785890,1445830,50147,Estonia,"Johnson&Johnson, Moderna, Oxford/AstraZeneca, Pfizer/BioNTech",https://opendata.digilugu.ee
2021-10-27,753858,788208,1454388,55782,Estonia,"Johnson&Johnson, Moderna, Oxford/AstraZeneca, Pfizer/BioNTech",https://opendata.digilugu.ee
2021-10-28,755476,790424,1463685,62302,Estonia,"Johnson&Johnson, Moderna, Oxford/AstraZeneca, Pfizer/BioNTech",https://opendata.digilugu.ee
2021-10-29,757370,793363,1473526,68641,Estonia,"Johnson&Johnson, Moderna, Oxford/AstraZeneca, Pfizer/BioNTech",https://opendata.digilugu.ee
2021-10-30,758369,794666,1475822,69348,Estonia,"Johnson&Johnson, Moderna, Oxford/AstraZeneca, Pfizer/BioNTech",https://opendata.digilugu.ee
2021-10-31,759063,795563,1477226,69698,Estonia,"Johnson&Johnson, Moderna, Oxford/AstraZeneca, Pfizer/BioNTech",https://opendata.digilugu.ee
2021-11-01,760355,797380,1484566,74843,Estonia,"Johnson&Johnson, Moderna, Oxford/AstraZeneca, Pfizer/BioNTech",https://opendata.digilugu.ee
2021-11-02,761762,799460,1494456,82161,Estonia,"Johnson&Johnson, Moderna, Oxford/AstraZeneca, Pfizer/BioNTech",https://opendata.digilugu.ee
2021-11-03,763129,801589,1504276,89373,Estonia,"Johnson&Johnson, Moderna, Oxford/AstraZeneca, Pfizer/BioNTech",https://opendata.digilugu.ee
2021-11-04,764496,803655,1514833,97515,Estonia,"Johnson&Johnson, Moderna, Oxford/AstraZeneca, Pfizer/BioNTech",https://opendata.digilugu.ee
2021-11-05,766223,806179,1526742,106378,Estonia,"Johnson&Johnson, Moderna, Oxford/AstraZeneca, Pfizer/BioNTech",https://opendata.digilugu.ee
2021-11-06,766930,807207,1529259,107687,Estonia,"Johnson&Johnson, Moderna, Oxford/AstraZeneca, Pfizer/BioNTech",https://opendata.digilugu.ee
2021-11-07,767447,807886,1530721,108358,Estonia,"Johnson&Johnson, Moderna, Oxford/AstraZeneca, Pfizer/BioNTech",https://opendata.digilugu.ee
2021-11-08,768442,809231,1537081,113078,Estonia,"Johnson&Johnson, Moderna, Oxford/AstraZeneca, Pfizer/BioNTech",https://opendata.digilugu.ee
2021-11-09,769521,810694,1545719,119846,Estonia,"Johnson&Johnson, Moderna, Oxford/AstraZeneca, Pfizer/BioNTech",https://opendata.digilugu.ee
2021-11-10,770551,812062,1553368,125770,Estonia,"Johnson&Johnson, Moderna, Oxford/AstraZeneca, Pfizer/BioNTech",https://opendata.digilugu.ee
2021-11-11,771458,813240,1560505,131389,Estonia,"Johnson&Johnson, Moderna, Oxford/AstraZeneca, Pfizer/BioNTech",https://opendata.digilugu.ee
2021-11-12,772635,814762,1570178,139145,Estonia,"Johnson&Johnson, Moderna, Oxford/AstraZeneca, Pfizer/BioNTech",https://opendata.digilugu.ee
2021-11-13,773147,815321,1572291,140515,Estonia,"Johnson&Johnson, Moderna, Oxford/AstraZeneca, Pfizer/BioNTech",https://opendata.digilugu.ee
2021-11-14,773450,815597,1573356,141142,Estonia,"Johnson&Johnson, Moderna, Oxford/AstraZeneca, Pfizer/BioNTech",https://opendata.digilugu.ee
2021-11-15,774417,816642,1579598,145963,Estonia,"Johnson&Johnson, Moderna, Oxford/AstraZeneca, Pfizer/BioNTech",https://opendata.digilugu.ee
2021-11-16,775332,817638,1586948,151889,Estonia,"Johnson&Johnson, Moderna, Oxford/AstraZeneca, Pfizer/BioNTech",https://opendata.digilugu.ee
2021-11-17,776241,818634,1594196,157732,Estonia,"Johnson&Johnson, Moderna, Oxford/AstraZeneca, Pfizer/BioNTech",https://opendata.digilugu.ee
2021-11-18,777217,819602,1601715,163786,Estonia,"Johnson&Johnson, Moderna, Oxford/AstraZeneca, Pfizer/BioNTech",https://opendata.digilugu.ee
2021-11-19,778486,820800,1610396,170640,Estonia,"Johnson&Johnson, Moderna, Oxford/AstraZeneca, Pfizer/BioNTech",https://opendata.digilugu.ee
2021-11-20,778977,821287,1612509,172046,Estonia,"Johnson&Johnson, Moderna, Oxford/AstraZeneca, Pfizer/BioNTech",https://opendata.digilugu.ee
2021-11-21,779479,821679,1613998,172889,Estonia,"Johnson&Johnson, Moderna, Oxford/AstraZeneca, Pfizer/BioNTech",https://opendata.digilugu.ee
2021-11-22,780342,822387,1618691,176407,Estonia,"Johnson&Johnson, Moderna, Oxford/AstraZeneca, Pfizer/BioNTech",https://opendata.digilugu.ee
2021-11-23,781425,823264,1625260,181517,Estonia,"Johnson&Johnson, Moderna, Oxford/AstraZeneca, Pfizer/BioNTech",https://opendata.digilugu.ee
2021-11-24,782423,824045,1631698,186638,Estonia,"Johnson&Johnson, Moderna, Oxford/AstraZeneca, Pfizer/BioNTech",https://opendata.digilugu.ee
2021-11-25,783431,824774,1638278,191851,Estonia,"Johnson&Johnson, Moderna, Oxford/AstraZeneca, Pfizer/BioNTech",https://opendata.digilugu.ee
2021-11-26,784864,825758,1645739,197448,Estonia,"Johnson&Johnson, Moderna, Oxford/AstraZeneca, Pfizer/BioNTech",https://opendata.digilugu.ee
2021-11-27,785460,826201,1647893,198812,Estonia,"Johnson&Johnson, Moderna, Oxford/AstraZeneca, Pfizer/BioNTech",https://opendata.digilugu.ee
2021-11-28,785781,826446,1648843,199343,Estonia,"Johnson&Johnson, Moderna, Oxford/AstraZeneca, Pfizer/BioNTech",https://opendata.digilugu.ee
2021-11-29,786791,827054,1653478,202752,Estonia,"Johnson&Johnson, Moderna, Oxford/AstraZeneca, Pfizer/BioNTech",https://opendata.digilugu.ee
2021-11-30,787930,827787,1659698,207534,Estonia,"Johnson&Johnson, Moderna, Oxford/AstraZeneca, Pfizer/BioNTech",https://opendata.digilugu.ee
2021-12-01,789065,828475,1665608,212043,Estonia,"Johnson&Johnson, Moderna, Oxford/AstraZeneca, Pfizer/BioNTech",https://opendata.digilugu.ee
2021-12-02,790243,829142,1672363,217344,Estonia,"Johnson&Johnson, Moderna, Oxford/AstraZeneca, Pfizer/BioNTech",https://opendata.digilugu.ee
2021-12-03,791844,829884,1679693,222794,Estonia,"Johnson&Johnson, Moderna, Oxford/AstraZeneca, Pfizer/BioNTech",https://opendata.digilugu.ee
2021-12-04,792620,830275,1681658,223857,Estonia,"Johnson&Johnson, Moderna, Oxford/AstraZeneca, Pfizer/BioNTech",https://opendata.digilugu.ee
2021-12-05,792916,830464,1682495,224340,Estonia,"Johnson&Johnson, Moderna, Oxford/AstraZeneca, Pfizer/BioNTech",https://opendata.digilugu.ee
2021-12-06,794111,830987,1687311,227790,Estonia,"Johnson&Johnson, Moderna, Oxford/AstraZeneca, Pfizer/BioNTech",https://opendata.digilugu.ee
2021-12-07,795544,831501,1693714,232569,Estonia,"Johnson&Johnson, Moderna, Oxford/AstraZeneca, Pfizer/BioNTech",https://opendata.digilugu.ee
2021-12-08,796963,832018,1699929,237220,Estonia,"Johnson&Johnson, Moderna, Oxford/AstraZeneca, Pfizer/BioNTech",https://opendata.digilugu.ee
2021-12-09,798316,832586,1706880,242632,Estonia,"Johnson&Johnson, Moderna, Oxford/AstraZeneca, Pfizer/BioNTech",https://opendata.digilugu.ee
2021-12-10,800188,833241,1714598,248280,Estonia,"Johnson&Johnson, Moderna, Oxford/AstraZeneca, Pfizer/BioNTech",https://opendata.digilugu.ee
2021-12-11,800843,833523,1716964,249900,Estonia,"Johnson&Johnson, Moderna, Oxford/AstraZeneca, Pfizer/BioNTech",https://opendata.digilugu.ee
2021-12-12,801181,833685,1718060,250601,Estonia,"Johnson&Johnson, Moderna, Oxford/AstraZeneca, Pfizer/BioNTech",https://opendata.digilugu.ee
2021-12-13,802405,834146,1723044,254241,Estonia,"Johnson&Johnson, Moderna, Oxford/AstraZeneca, Pfizer/BioNTech",https://opendata.digilugu.ee
2021-12-14,803781,834622,1729722,259407,Estonia,"Johnson&Johnson, Moderna, Oxford/AstraZeneca, Pfizer/BioNTech",https://opendata.digilugu.ee
2021-12-15,805182,835102,1736545,264706,Estonia,"Johnson&Johnson, Moderna, Oxford/AstraZeneca, Pfizer/BioNTech",https://opendata.digilugu.ee
2021-12-16,806499,835593,1744038,270777,Estonia,"Johnson&Johnson, Moderna, Oxford/AstraZeneca, Pfizer/BioNTech",https://opendata.digilugu.ee
2021-12-17,808256,836244,1752608,277429,Estonia,"Johnson&Johnson, Moderna, Oxford/AstraZeneca, Pfizer/BioNTech",https://opendata.digilugu.ee
2021-12-18,808876,836565,1755002,279091,Estonia,"Johnson&Johnson, Moderna, Oxford/AstraZeneca, Pfizer/BioNTech",https://opendata.digilugu.ee
2021-12-19,809201,836845,1756699,280366,Estonia,"Johnson&Johnson, Moderna, Oxford/AstraZeneca, Pfizer/BioNTech",https://opendata.digilugu.ee
2021-12-20,810305,837333,1762987,285427,Estonia,"Johnson&Johnson, Moderna, Oxford/AstraZeneca, Pfizer/BioNTech",https://opendata.digilugu.ee
2021-12-21,811593,838056,1771251,292180,Estonia,"Johnson&Johnson, Moderna, Oxford/AstraZeneca, Pfizer/BioNTech",https://opendata.digilugu.ee
2021-12-22,812949,838876,1779392,298707,Estonia,"Johnson&Johnson, Moderna, Oxford/AstraZeneca, Pfizer/BioNTech",https://opendata.digilugu.ee
2021-12-23,813510,839296,1782802,301452,Estonia,"Johnson&Johnson, Moderna, Oxford/AstraZeneca, Pfizer/BioNTech",https://opendata.digilugu.ee
2021-12-24,813580,839337,1783115,301683,Estonia,"Johnson&Johnson, Moderna, Oxford/AstraZeneca, Pfizer/BioNTech",https://opendata.digilugu.ee
2021-12-25,813625,839370,1783459,301982,Estonia,"Johnson&Johnson, Moderna, Oxford/AstraZeneca, Pfizer/BioNTech",https://opendata.digilugu.ee
2021-12-26,813721,839424,1784025,302466,Estonia,"Johnson&Johnson, Moderna, Oxford/AstraZeneca, Pfizer/BioNTech",https://opendata.digilugu.ee
2021-12-27,814798,840040,1790333,307561,Estonia,"Johnson&Johnson, Moderna, Oxford/AstraZeneca, Pfizer/BioNTech",https://opendata.digilugu.ee
2021-12-28,815974,840840,1797865,313658,Estonia,"Johnson&Johnson, Moderna, Oxford/AstraZeneca, Pfizer/BioNTech",https://opendata.digilugu.ee
2021-12-29,816972,841560,1804084,318652,Estonia,"Johnson&Johnson, Moderna, Oxford/AstraZeneca, Pfizer/BioNTech",https://opendata.digilugu.ee
2021-12-30,817649,842143,1808295,321980,Estonia,"Johnson&Johnson, Moderna, Oxford/AstraZeneca, Pfizer/BioNTech",https://opendata.digilugu.ee
2021-12-31,817784,842237,1808968,322517,Estonia,"Johnson&Johnson, Moderna, Oxford/AstraZeneca, Pfizer/BioNTech",https://opendata.digilugu.ee
2022-01-01,817816,842260,1809199,322719,Estonia,"Johnson&Johnson, Moderna, Oxford/AstraZeneca, Pfizer/BioNTech",https://opendata.digilugu.ee
2022-01-02,818036,842488,1810454,323698,Estonia,"Johnson&Johnson, Moderna, Oxford/AstraZeneca, Pfizer/BioNTech",https://opendata.digilugu.ee
2022-01-03,818613,842970,1814115,326633,Estonia,"Johnson&Johnson, Moderna, Oxford/AstraZeneca, Pfizer/BioNTech",https://opendata.digilugu.ee
2022-01-04,819510,843735,1819628,331008,Estonia,"Johnson&Johnson, Moderna, Oxford/AstraZeneca, Pfizer/BioNTech",https://opendata.digilugu.ee
2022-01-05,820251,844396,1825329,335757,Estonia,"Johnson&Johnson, Moderna, Oxford/AstraZeneca, Pfizer/BioNTech",https://opendata.digilugu.ee
2022-01-06,821036,845183,1831127,340465,Estonia,"Johnson&Johnson, Moderna, Oxford/AstraZeneca, Pfizer/BioNTech",https://opendata.digilugu.ee
2022-01-07,821927,845928,1837273,345498,Estonia,"Johnson&Johnson, Moderna, Oxford/AstraZeneca, Pfizer/BioNTech",https://opendata.digilugu.ee
2022-01-08,822302,846236,1839915,347687,Estonia,"Johnson&Johnson, Moderna, Oxford/AstraZeneca, Pfizer/BioNTech",https://opendata.digilugu.ee
2022-01-09,822524,846417,1841406,348932,Estonia,"Johnson&Johnson, Moderna, Oxford/AstraZeneca, Pfizer/BioNTech",https://opendata.digilugu.ee
2022-01-10,823059,846819,1845592,352489,Estonia,"Johnson&Johnson, Moderna, Oxford/AstraZeneca, Pfizer/BioNTech",https://opendata.digilugu.ee
2022-01-11,823710,847334,1851306,357406,Estonia,"Johnson&Johnson, Moderna, Oxford/AstraZeneca, Pfizer/BioNTech",https://opendata.digilugu.ee
2022-01-12,824405,847909,1857099,362306,Estonia,"Johnson&Johnson, Moderna, Oxford/AstraZeneca, Pfizer/BioNTech",https://opendata.digilugu.ee
2022-01-13,824982,848454,1863028,367459,Estonia,"Johnson&Johnson, Moderna, Oxford/AstraZeneca, Pfizer/BioNTech",https://opendata.digilugu.ee
2022-01-14,825736,849126,1869506,372931,Estonia,"Johnson&Johnson, Moderna, Oxford/AstraZeneca, Pfizer/BioNTech",https://opendata.digilugu.ee
2022-01-15,826128,849449,1872786,375750,Estonia,"Johnson&Johnson, Moderna, Oxford/AstraZeneca, Pfizer/BioNTech",https://opendata.digilugu.ee
2022-01-16,826286,849608,1874061,376825,Estonia,"Johnson&Johnson, Moderna, Oxford/AstraZeneca, Pfizer/BioNTech",https://opendata.digilugu.ee
2022-01-17,826674,849958,1877689,379964,Estonia,"Johnson&Johnson, Moderna, Oxford/AstraZeneca, Pfizer/BioNTech",https://opendata.digilugu.ee
2022-01-18,827202,850424,1882323,383925,Estonia,"Johnson&Johnson, Moderna, Oxford/AstraZeneca, Pfizer/BioNTech",https://opendata.digilugu.ee
2022-01-19,827723,850921,1886460,387364,Estonia,"Johnson&Johnson, Moderna, Oxford/AstraZeneca, Pfizer/BioNTech",https://opendata.digilugu.ee
2022-01-20,828177,851351,1890909,391229,Estonia,"Johnson&Johnson, Moderna, Oxford/AstraZeneca, Pfizer/BioNTech",https://opendata.digilugu.ee
2022-01-21,828753,851913,1895970,395525,Estonia,"Johnson&Johnson, Moderna, Oxford/AstraZeneca, Pfizer/BioNTech",https://opendata.digilugu.ee
2022-01-22,829007,852169,1898099,397326,Estonia,"Johnson&Johnson, Moderna, Oxford/AstraZeneca, Pfizer/BioNTech",https://opendata.digilugu.ee
2022-01-23,829140,852291,1899099,398172,Estonia,"Johnson&Johnson, Moderna, Oxford/AstraZeneca, Pfizer/BioNTech",https://opendata.digilugu.ee
2022-01-24,829517,852618,1901926,400547,Estonia,"Johnson&Johnson, Moderna, Oxford/AstraZeneca, Pfizer/BioNTech",https://opendata.digilugu.ee
2022-01-25,829941,852975,1905224,403309,Estonia,"Johnson&Johnson, Moderna, Oxford/AstraZeneca, Pfizer/BioNTech",https://opendata.digilugu.ee
2022-01-26,830338,853313,1908229,405810,Estonia,"Johnson&Johnson, Moderna, Oxford/AstraZeneca, Pfizer/BioNTech",https://opendata.digilugu.ee
2022-01-27,830715,853605,1911504,408615,Estonia,"Johnson&Johnson, Moderna, Oxford/AstraZeneca, Pfizer/BioNTech",https://opendata.digilugu.ee
2022-01-28,831205,854018,1915244,411733,Estonia,"Johnson&Johnson, Moderna, Oxford/AstraZeneca, Pfizer/BioNTech",https://opendata.digilugu.ee
2022-01-29,831410,854149,1916847,413114,Estonia,"Johnson&Johnson, Moderna, Oxford/AstraZeneca, Pfizer/BioNTech",https://opendata.digilugu.ee
2022-01-30,831549,854244,1917934,414032,Estonia,"Johnson&Johnson, Moderna, Oxford/AstraZeneca, Pfizer/BioNTech",https://opendata.digilugu.ee
2022-01-31,831848,854450,1920225,415973,Estonia,"Johnson&Johnson, Moderna, Oxford/AstraZeneca, Pfizer/BioNTech",https://opendata.digilugu.ee
2022-02-01,832224,854623,1922680,418022,Estonia,"Johnson&Johnson, Moderna, Oxford/AstraZeneca, Pfizer/BioNTech",https://opendata.digilugu.ee
2022-02-02,832596,854798,1924986,419908,Estonia,"Johnson&Johnson, Moderna, Oxford/AstraZeneca, Pfizer/BioNTech",https://opendata.digilugu.ee
2022-02-03,832880,854984,1927087,421702,Estonia,"Johnson&Johnson, Moderna, Oxford/AstraZeneca, Pfizer/BioNTech",https://opendata.digilugu.ee
2022-02-04,833162,855148,1929296,423600,Estonia,"Johnson&Johnson, Moderna, Oxford/AstraZeneca, Pfizer/BioNTech",https://opendata.digilugu.ee
2022-02-05,833270,855227,1930245,424431,Estonia,"Johnson&Johnson, Moderna, Oxford/AstraZeneca, Pfizer/BioNTech",https://opendata.digilugu.ee
2022-02-06,833322,855262,1930753,424883,Estonia,"Johnson&Johnson, Moderna, Oxford/AstraZeneca, Pfizer/BioNTech",https://opendata.digilugu.ee
2022-02-07,833588,855411,1932152,425987,Estonia,"Johnson&Johnson, Moderna, Oxford/AstraZeneca, Pfizer/BioNTech",https://opendata.digilugu.ee
2022-02-08,833970,855558,1933811,427230,Estonia,"Johnson&Johnson, Moderna, Oxford/AstraZeneca, Pfizer/BioNTech",https://opendata.digilugu.ee
2022-02-09,834291,855667,1935332,428403,Estonia,"Johnson&Johnson, Moderna, Oxford/AstraZeneca, Pfizer/BioNTech",https://opendata.digilugu.ee
2022-02-10,834606,855819,1936870,429629,Estonia,"Johnson&Johnson, Moderna, Oxford/AstraZeneca, Pfizer/BioNTech",https://opendata.digilugu.ee
2022-02-11,834896,855972,1938652,431100,Estonia,"Johnson&Johnson, Moderna, Oxford/AstraZeneca, Pfizer/BioNTech",https://opendata.digilugu.ee
2022-02-12,834982,856038,1939257,431623,Estonia,"Johnson&Johnson, Moderna, Oxford/AstraZeneca, Pfizer/BioNTech",https://opendata.digilugu.ee
2022-02-13,835103,856088,1939779,432022,Estonia,"Johnson&Johnson, Moderna, Oxford/AstraZeneca, Pfizer/BioNTech",https://opendata.digilugu.ee
2022-02-14,835312,856170,1940740,432767,Estonia,"Johnson&Johnson, Moderna, Oxford/AstraZeneca, Pfizer/BioNTech",https://opendata.digilugu.ee
2022-02-15,835594,856275,1942025,433747,Estonia,"Johnson&Johnson, Moderna, Oxford/AstraZeneca, Pfizer/BioNTech",https://opendata.digilugu.ee
2022-02-16,835891,856385,1943237,434650,Estonia,"Johnson&Johnson, Moderna, Oxford/AstraZeneca, Pfizer/BioNTech",https://opendata.digilugu.ee
2022-02-17,836198,856482,1944503,435590,Estonia,"Johnson&Johnson, Moderna, Oxford/AstraZeneca, Pfizer/BioNTech",https://opendata.digilugu.ee
2022-02-18,836556,856613,1946054,436779,Estonia,"Johnson&Johnson, Moderna, Oxford/AstraZeneca, Pfizer/BioNTech",https://opendata.digilugu.ee
