date,location,vaccine,source_url,total_vaccinations,people_vaccinated,people_fully_vaccinated,total_boosters
2020-12-27,Germany,"Moderna, Oxford/AstraZeneca, Pfizer/BioNTech",https://impfdashboard.de/,24364,24353,11,0
2020-12-28,Germany,"Moderna, Oxford/AstraZeneca, Pfizer/BioNTech",https://impfdashboard.de/,42453,42378,75,0
2020-12-29,Germany,"Moderna, Oxford/AstraZeneca, Pfizer/BioNTech",https://impfdashboard.de/,93148,92420,727,1
2020-12-30,Germany,"Moderna, Oxford/AstraZeneca, Pfizer/BioNTech",https://impfdashboard.de/,157260,156499,760,1
2020-12-31,Germany,"Moderna, Oxford/AstraZeneca, Pfizer/BioNTech",https://impfdashboard.de/,207267,206419,847,1
2021-01-01,Germany,"Johnson&Johnson, Moderna, Oxford/AstraZeneca, Pfizer/BioNTech",https://impfdashboard.de/,232865,232005,859,2
2021-01-02,Germany,"Johnson&Johnson, Moderna, Oxford/AstraZeneca, Pfizer/BioNTech",https://impfdashboard.de/,280943,280005,937,2
2021-01-03,Germany,"Johnson&Johnson, Moderna, Oxford/AstraZeneca, Pfizer/BioNTech",https://impfdashboard.de/,303511,302567,943,2
2021-01-04,Germany,"Johnson&Johnson, Moderna, Oxford/AstraZeneca, Pfizer/BioNTech",https://impfdashboard.de/,349692,348649,1059,2
2021-01-05,Germany,"Johnson&Johnson, Moderna, Oxford/AstraZeneca, Pfizer/BioNTech",https://impfdashboard.de/,402399,401270,1145,2
2021-01-06,Germany,"Johnson&Johnson, Moderna, Oxford/AstraZeneca, Pfizer/BioNTech",https://impfdashboard.de/,465565,464350,1231,2
2021-01-07,Germany,"Johnson&Johnson, Moderna, Oxford/AstraZeneca, Pfizer/BioNTech",https://impfdashboard.de/,520366,519130,1253,2
2021-01-08,Germany,"Johnson&Johnson, Moderna, Oxford/AstraZeneca, Pfizer/BioNTech",https://impfdashboard.de/,583191,581851,1357,2
2021-01-09,Germany,"Johnson&Johnson, Moderna, Oxford/AstraZeneca, Pfizer/BioNTech",https://impfdashboard.de/,643929,642444,1502,2
2021-01-10,Germany,"Johnson&Johnson, Moderna, Oxford/AstraZeneca, Pfizer/BioNTech",https://impfdashboard.de/,679920,678323,1614,2
2021-01-11,Germany,"Johnson&Johnson, Moderna, Oxford/AstraZeneca, Pfizer/BioNTech",https://impfdashboard.de/,748365,746713,1669,2
2021-01-12,Germany,"Johnson&Johnson, Moderna, Oxford/AstraZeneca, Pfizer/BioNTech",https://impfdashboard.de/,827518,825805,1731,2
2021-01-13,Germany,"Johnson&Johnson, Moderna, Oxford/AstraZeneca, Pfizer/BioNTech",https://impfdashboard.de/,939699,937786,1931,2
2021-01-14,Germany,"Johnson&Johnson, Moderna, Oxford/AstraZeneca, Pfizer/BioNTech",https://impfdashboard.de/,1023826,1021698,2146,2
2021-01-15,Germany,"Johnson&Johnson, Moderna, Oxford/AstraZeneca, Pfizer/BioNTech",https://impfdashboard.de/,1115628,1112581,3067,2
2021-01-16,Germany,"Johnson&Johnson, Moderna, Oxford/AstraZeneca, Pfizer/BioNTech",https://impfdashboard.de/,1173711,1169443,4289,2
2021-01-17,Germany,"Johnson&Johnson, Moderna, Oxford/AstraZeneca, Pfizer/BioNTech",https://impfdashboard.de/,1221515,1200235,21302,2
2021-01-18,Germany,"Johnson&Johnson, Moderna, Oxford/AstraZeneca, Pfizer/BioNTech",https://impfdashboard.de/,1304523,1267645,36900,2
2021-01-19,Germany,"Johnson&Johnson, Moderna, Oxford/AstraZeneca, Pfizer/BioNTech",https://impfdashboard.de/,1424324,1351452,72894,2
2021-01-20,Germany,"Johnson&Johnson, Moderna, Oxford/AstraZeneca, Pfizer/BioNTech",https://impfdashboard.de/,1557080,1430474,126628,2
2021-01-21,Germany,"Johnson&Johnson, Moderna, Oxford/AstraZeneca, Pfizer/BioNTech",https://impfdashboard.de/,1662624,1495108,167537,3
2021-01-22,Germany,"Johnson&Johnson, Moderna, Oxford/AstraZeneca, Pfizer/BioNTech",https://impfdashboard.de/,1764966,1563870,201117,3
2021-01-23,Germany,"Johnson&Johnson, Moderna, Oxford/AstraZeneca, Pfizer/BioNTech",https://impfdashboard.de/,1852022,1604403,247640,3
2021-01-24,Germany,"Johnson&Johnson, Moderna, Oxford/AstraZeneca, Pfizer/BioNTech",https://impfdashboard.de/,1899841,1630096,269766,3
2021-01-25,Germany,"Johnson&Johnson, Moderna, Oxford/AstraZeneca, Pfizer/BioNTech",https://impfdashboard.de/,1990863,1682390,308494,3
2021-01-26,Germany,"Johnson&Johnson, Moderna, Oxford/AstraZeneca, Pfizer/BioNTech",https://impfdashboard.de/,2089395,1733198,356215,6
2021-01-27,Germany,"Johnson&Johnson, Moderna, Oxford/AstraZeneca, Pfizer/BioNTech",https://impfdashboard.de/,2198852,1784182,414690,6
2021-01-28,Germany,"Johnson&Johnson, Moderna, Oxford/AstraZeneca, Pfizer/BioNTech",https://impfdashboard.de/,2291409,1831017,460412,6
2021-01-29,Germany,"Johnson&Johnson, Moderna, Oxford/AstraZeneca, Pfizer/BioNTech",https://impfdashboard.de/,2399153,1880871,518302,6
2021-01-30,Germany,"Johnson&Johnson, Moderna, Oxford/AstraZeneca, Pfizer/BioNTech",https://impfdashboard.de/,2487264,1915496,571790,6
2021-01-31,Germany,"Johnson&Johnson, Moderna, Oxford/AstraZeneca, Pfizer/BioNTech",https://impfdashboard.de/,2544496,1941269,603249,6
2021-02-01,Germany,"Johnson&Johnson, Moderna, Oxford/AstraZeneca, Pfizer/BioNTech",https://impfdashboard.de/,2664864,1999581,665305,7
2021-02-02,Germany,"Johnson&Johnson, Moderna, Oxford/AstraZeneca, Pfizer/BioNTech",https://impfdashboard.de/,2797720,2065145,732598,7
2021-02-03,Germany,"Johnson&Johnson, Moderna, Oxford/AstraZeneca, Pfizer/BioNTech",https://impfdashboard.de/,2960765,2129798,830990,7
2021-02-04,Germany,"Johnson&Johnson, Moderna, Oxford/AstraZeneca, Pfizer/BioNTech",https://impfdashboard.de/,3095380,2191916,903487,7
2021-02-05,Germany,"Johnson&Johnson, Moderna, Oxford/AstraZeneca, Pfizer/BioNTech",https://impfdashboard.de/,3242961,2261319,981665,7
2021-02-06,Germany,"Johnson&Johnson, Moderna, Oxford/AstraZeneca, Pfizer/BioNTech",https://impfdashboard.de/,3337171,2306933,1030261,7
2021-02-07,Germany,"Johnson&Johnson, Moderna, Oxford/AstraZeneca, Pfizer/BioNTech",https://impfdashboard.de/,3390747,2335234,1055537,7
2021-02-08,Germany,"Johnson&Johnson, Moderna, Oxford/AstraZeneca, Pfizer/BioNTech",https://impfdashboard.de/,3500254,2388281,1111998,7
2021-02-09,Germany,"Johnson&Johnson, Moderna, Oxford/AstraZeneca, Pfizer/BioNTech",https://impfdashboard.de/,3635009,2448536,1186497,8
2021-02-10,Germany,"Johnson&Johnson, Moderna, Oxford/AstraZeneca, Pfizer/BioNTech",https://impfdashboard.de/,3790559,2526345,1264239,8
2021-02-11,Germany,"Johnson&Johnson, Moderna, Oxford/AstraZeneca, Pfizer/BioNTech",https://impfdashboard.de/,3935253,2602032,1333248,8
2021-02-12,Germany,"Johnson&Johnson, Moderna, Oxford/AstraZeneca, Pfizer/BioNTech",https://impfdashboard.de/,4091505,2682309,1409227,8
2021-02-13,Germany,"Johnson&Johnson, Moderna, Oxford/AstraZeneca, Pfizer/BioNTech",https://impfdashboard.de/,4199380,2744364,1455048,8
2021-02-14,Germany,"Johnson&Johnson, Moderna, Oxford/AstraZeneca, Pfizer/BioNTech",https://impfdashboard.de/,4264850,2784002,1480881,8
2021-02-15,Germany,"Johnson&Johnson, Moderna, Oxford/AstraZeneca, Pfizer/BioNTech",https://impfdashboard.de/,4390715,2854180,1536579,8
2021-02-16,Germany,"Johnson&Johnson, Moderna, Oxford/AstraZeneca, Pfizer/BioNTech",https://impfdashboard.de/,4525662,2932558,1593149,8
2021-02-17,Germany,"Johnson&Johnson, Moderna, Oxford/AstraZeneca, Pfizer/BioNTech",https://impfdashboard.de/,4677594,3028001,1649641,8
2021-02-18,Germany,"Johnson&Johnson, Moderna, Oxford/AstraZeneca, Pfizer/BioNTech",https://impfdashboard.de/,4822789,3119849,1702992,9
2021-02-19,Germany,"Johnson&Johnson, Moderna, Oxford/AstraZeneca, Pfizer/BioNTech",https://impfdashboard.de/,4981884,3223008,1758929,9
2021-02-20,Germany,"Johnson&Johnson, Moderna, Oxford/AstraZeneca, Pfizer/BioNTech",https://impfdashboard.de/,5094430,3299214,1795274,9
2021-02-21,Germany,"Johnson&Johnson, Moderna, Oxford/AstraZeneca, Pfizer/BioNTech",https://impfdashboard.de/,5180470,3356940,1823590,9
2021-02-22,Germany,"Johnson&Johnson, Moderna, Oxford/AstraZeneca, Pfizer/BioNTech",https://impfdashboard.de/,5337171,3455262,1881970,9
2021-02-23,Germany,"Johnson&Johnson, Moderna, Oxford/AstraZeneca, Pfizer/BioNTech",https://impfdashboard.de/,5507777,3565273,1942566,9
2021-02-24,Germany,"Johnson&Johnson, Moderna, Oxford/AstraZeneca, Pfizer/BioNTech",https://impfdashboard.de/,5684898,3682904,2002056,10
2021-02-25,Germany,"Johnson&Johnson, Moderna, Oxford/AstraZeneca, Pfizer/BioNTech",https://impfdashboard.de/,5875255,3813857,2061459,11
2021-02-26,Germany,"Johnson&Johnson, Moderna, Oxford/AstraZeneca, Pfizer/BioNTech",https://impfdashboard.de/,6089449,3960394,2129115,12
2021-02-27,Germany,"Johnson&Johnson, Moderna, Oxford/AstraZeneca, Pfizer/BioNTech",https://impfdashboard.de/,6237567,4068700,2168928,12
2021-02-28,Germany,"Johnson&Johnson, Moderna, Oxford/AstraZeneca, Pfizer/BioNTech",https://impfdashboard.de/,6341087,4148002,2193135,25
2021-03-01,Germany,"Johnson&Johnson, Moderna, Oxford/AstraZeneca, Pfizer/BioNTech",https://impfdashboard.de/,6540532,4297413,2243169,25
2021-03-02,Germany,"Johnson&Johnson, Moderna, Oxford/AstraZeneca, Pfizer/BioNTech",https://impfdashboard.de/,6760740,4465353,2295437,25
2021-03-03,Germany,"Johnson&Johnson, Moderna, Oxford/AstraZeneca, Pfizer/BioNTech",https://impfdashboard.de/,7009320,4643126,2366244,25
2021-03-04,Germany,"Johnson&Johnson, Moderna, Oxford/AstraZeneca, Pfizer/BioNTech",https://impfdashboard.de/,7255268,4825722,2429595,26
2021-03-05,Germany,"Johnson&Johnson, Moderna, Oxford/AstraZeneca, Pfizer/BioNTech",https://impfdashboard.de/,7531136,5034164,2497021,27
2021-03-06,Germany,"Johnson&Johnson, Moderna, Oxford/AstraZeneca, Pfizer/BioNTech",https://impfdashboard.de/,7734023,5188303,2545769,27
2021-03-07,Germany,"Johnson&Johnson, Moderna, Oxford/AstraZeneca, Pfizer/BioNTech",https://impfdashboard.de/,7881930,5302676,2579303,27
2021-03-08,Germany,"Johnson&Johnson, Moderna, Oxford/AstraZeneca, Pfizer/BioNTech",https://impfdashboard.de/,8120273,5489144,2631179,27
2021-03-09,Germany,"Johnson&Johnson, Moderna, Oxford/AstraZeneca, Pfizer/BioNTech",https://impfdashboard.de/,8373330,5687232,2686147,28
2021-03-10,Germany,"Johnson&Johnson, Moderna, Oxford/AstraZeneca, Pfizer/BioNTech",https://impfdashboard.de/,8663333,5909757,2753624,30
2021-03-11,Germany,"Johnson&Johnson, Moderna, Oxford/AstraZeneca, Pfizer/BioNTech",https://impfdashboard.de/,8948541,6133991,2814597,31
2021-03-12,Germany,"Johnson&Johnson, Moderna, Oxford/AstraZeneca, Pfizer/BioNTech",https://impfdashboard.de/,9276398,6390723,2885722,31
2021-03-13,Germany,"Johnson&Johnson, Moderna, Oxford/AstraZeneca, Pfizer/BioNTech",https://impfdashboard.de/,9517716,6581645,2936118,31
2021-03-14,Germany,"Johnson&Johnson, Moderna, Oxford/AstraZeneca, Pfizer/BioNTech",https://impfdashboard.de/,9688186,6716409,2971822,33
2021-03-15,Germany,"Johnson&Johnson, Moderna, Oxford/AstraZeneca, Pfizer/BioNTech",https://impfdashboard.de/,9937181,6906082,3031144,33
2021-03-16,Germany,"Johnson&Johnson, Moderna, Oxford/AstraZeneca, Pfizer/BioNTech",https://impfdashboard.de/,10116728,7017300,3099473,33
2021-03-17,Germany,"Johnson&Johnson, Moderna, Oxford/AstraZeneca, Pfizer/BioNTech",https://impfdashboard.de/,10322619,7142012,3180652,33
2021-03-18,Germany,"Johnson&Johnson, Moderna, Oxford/AstraZeneca, Pfizer/BioNTech",https://impfdashboard.de/,10516690,7260267,3256468,33
2021-03-19,Germany,"Johnson&Johnson, Moderna, Oxford/AstraZeneca, Pfizer/BioNTech",https://impfdashboard.de/,10762671,7421579,3341136,34
2021-03-20,Germany,"Johnson&Johnson, Moderna, Oxford/AstraZeneca, Pfizer/BioNTech",https://impfdashboard.de/,10983567,7589071,3394539,35
2021-03-21,Germany,"Johnson&Johnson, Moderna, Oxford/AstraZeneca, Pfizer/BioNTech",https://impfdashboard.de/,11148499,7715674,3432869,35
2021-03-22,Germany,"Johnson&Johnson, Moderna, Oxford/AstraZeneca, Pfizer/BioNTech",https://impfdashboard.de/,11418490,7908932,3509599,38
2021-03-23,Germany,"Johnson&Johnson, Moderna, Oxford/AstraZeneca, Pfizer/BioNTech",https://impfdashboard.de/,11720318,8126363,3593997,38
2021-03-24,Germany,"Johnson&Johnson, Moderna, Oxford/AstraZeneca, Pfizer/BioNTech",https://impfdashboard.de/,12060752,8377106,3683690,38
2021-03-25,Germany,"Johnson&Johnson, Moderna, Oxford/AstraZeneca, Pfizer/BioNTech",https://impfdashboard.de/,12394725,8629696,3765073,39
2021-03-26,Germany,"Johnson&Johnson, Moderna, Oxford/AstraZeneca, Pfizer/BioNTech",https://impfdashboard.de/,12770203,8916101,3854147,40
2021-03-27,Germany,"Johnson&Johnson, Moderna, Oxford/AstraZeneca, Pfizer/BioNTech",https://impfdashboard.de/,13052156,9135564,3916639,40
2021-03-28,Germany,"Johnson&Johnson, Moderna, Oxford/AstraZeneca, Pfizer/BioNTech",https://impfdashboard.de/,13248955,9279023,3969980,40
2021-03-29,Germany,"Johnson&Johnson, Moderna, Oxford/AstraZeneca, Pfizer/BioNTech",https://impfdashboard.de/,13555506,9496584,4058970,40
2021-03-30,Germany,"Johnson&Johnson, Moderna, Oxford/AstraZeneca, Pfizer/BioNTech",https://impfdashboard.de/,13885513,9733637,4151922,42
2021-03-31,Germany,"Johnson&Johnson, Moderna, Oxford/AstraZeneca, Pfizer/BioNTech",https://impfdashboard.de/,14223333,9969510,4253868,43
2021-04-01,Germany,"Johnson&Johnson, Moderna, Oxford/AstraZeneca, Pfizer/BioNTech",https://impfdashboard.de/,14551865,10206752,4345159,43
2021-04-02,Germany,"Johnson&Johnson, Moderna, Oxford/AstraZeneca, Pfizer/BioNTech",https://impfdashboard.de/,14778134,10364893,4413286,44
2021-04-03,Germany,"Johnson&Johnson, Moderna, Oxford/AstraZeneca, Pfizer/BioNTech",https://impfdashboard.de/,15010675,10532747,4477973,44
2021-04-04,Germany,"Johnson&Johnson, Moderna, Oxford/AstraZeneca, Pfizer/BioNTech",https://impfdashboard.de/,15204160,10675640,4528567,44
2021-04-05,Germany,"Johnson&Johnson, Moderna, Oxford/AstraZeneca, Pfizer/BioNTech",https://impfdashboard.de/,15452666,10853723,4598986,48
2021-04-06,Germany,"Johnson&Johnson, Moderna, Oxford/AstraZeneca, Pfizer/BioNTech",https://impfdashboard.de/,15827158,11133304,4693895,53
2021-04-07,Germany,"Johnson&Johnson, Moderna, Oxford/AstraZeneca, Pfizer/BioNTech",https://impfdashboard.de/,16496941,11706531,4790451,54
2021-04-08,Germany,"Johnson&Johnson, Moderna, Oxford/AstraZeneca, Pfizer/BioNTech",https://impfdashboard.de/,17197700,12319372,4878369,57
2021-04-09,Germany,"Johnson&Johnson, Moderna, Oxford/AstraZeneca, Pfizer/BioNTech",https://impfdashboard.de/,17831819,12864329,4967533,57
2021-04-10,Germany,"Johnson&Johnson, Moderna, Oxford/AstraZeneca, Pfizer/BioNTech",https://impfdashboard.de/,18204997,13172350,5032691,57
2021-04-11,Germany,"Johnson&Johnson, Moderna, Oxford/AstraZeneca, Pfizer/BioNTech",https://impfdashboard.de/,18469359,13386286,5083117,57
2021-04-12,Germany,"Johnson&Johnson, Moderna, Oxford/AstraZeneca, Pfizer/BioNTech",https://impfdashboard.de/,18888915,13729348,5159611,59
2021-04-13,Germany,"Johnson&Johnson, Moderna, Oxford/AstraZeneca, Pfizer/BioNTech",https://impfdashboard.de/,19467134,14233767,5233409,61
2021-04-14,Germany,"Johnson&Johnson, Moderna, Oxford/AstraZeneca, Pfizer/BioNTech",https://impfdashboard.de/,20244673,14927912,5316801,63
2021-04-15,Germany,"Johnson&Johnson, Moderna, Oxford/AstraZeneca, Pfizer/BioNTech",https://impfdashboard.de/,20927483,15540366,5387158,63
2021-04-16,Germany,"Johnson&Johnson, Moderna, Oxford/AstraZeneca, Pfizer/BioNTech",https://impfdashboard.de/,21526494,16064984,5461550,65
2021-04-17,Germany,"Johnson&Johnson, Moderna, Oxford/AstraZeneca, Pfizer/BioNTech",https://impfdashboard.de/,21893244,16375014,5518269,66
2021-04-18,Germany,"Johnson&Johnson, Moderna, Oxford/AstraZeneca, Pfizer/BioNTech",https://impfdashboard.de/,22163242,16605922,5557357,68
2021-04-19,Germany,"Johnson&Johnson, Moderna, Oxford/AstraZeneca, Pfizer/BioNTech",https://impfdashboard.de/,22567017,16948123,5618928,72
2021-04-20,Germany,"Johnson&Johnson, Moderna, Oxford/AstraZeneca, Pfizer/BioNTech",https://impfdashboard.de/,23129888,17448043,5681879,74
2021-04-21,Germany,"Johnson&Johnson, Moderna, Oxford/AstraZeneca, Pfizer/BioNTech",https://impfdashboard.de/,23853311,18098015,5755329,75
2021-04-22,Germany,"Johnson&Johnson, Moderna, Oxford/AstraZeneca, Pfizer/BioNTech",https://impfdashboard.de/,24494411,18671686,5822755,78
2021-04-23,Germany,"Johnson&Johnson, Moderna, Oxford/AstraZeneca, Pfizer/BioNTech",https://impfdashboard.de/,25052333,19160345,5892019,79
2021-04-24,Germany,"Johnson&Johnson, Moderna, Oxford/AstraZeneca, Pfizer/BioNTech",https://impfdashboard.de/,25418901,19467743,5951190,79
2021-04-25,Germany,"Johnson&Johnson, Moderna, Oxford/AstraZeneca, Pfizer/BioNTech",https://impfdashboard.de/,25702425,19702073,6000384,79
2021-04-26,Germany,"Johnson&Johnson, Moderna, Oxford/AstraZeneca, Pfizer/BioNTech",https://impfdashboard.de/,26136806,20062309,6074599,79
2021-04-27,Germany,"Johnson&Johnson, Moderna, Oxford/AstraZeneca, Pfizer/BioNTech",https://impfdashboard.de/,26924710,20758544,6166817,84
2021-04-28,Germany,"Johnson&Johnson, Moderna, Oxford/AstraZeneca, Pfizer/BioNTech",https://impfdashboard.de/,28050918,21758123,6294280,85
2021-04-29,Germany,"Johnson&Johnson, Moderna, Oxford/AstraZeneca, Pfizer/BioNTech",https://impfdashboard.de/,29000443,22574383,6428456,87
2021-04-30,Germany,"Johnson&Johnson, Moderna, Oxford/AstraZeneca, Pfizer/BioNTech",https://impfdashboard.de/,29806997,23244135,6566163,87
2021-05-01,Germany,"Johnson&Johnson, Moderna, Oxford/AstraZeneca, Pfizer/BioNTech",https://impfdashboard.de/,30144010,23507337,6642595,92
2021-05-02,Germany,"Johnson&Johnson, Moderna, Oxford/AstraZeneca, Pfizer/BioNTech",https://impfdashboard.de/,30409425,23707068,6710085,94
2021-05-03,Germany,"Johnson&Johnson, Moderna, Oxford/AstraZeneca, Pfizer/BioNTech",https://impfdashboard.de/,30862759,24045346,6826822,97
2021-05-04,Germany,"Johnson&Johnson, Moderna, Oxford/AstraZeneca, Pfizer/BioNTech",https://impfdashboard.de/,31708172,24731670,6988975,99
2021-05-05,Germany,"Johnson&Johnson, Moderna, Oxford/AstraZeneca, Pfizer/BioNTech",https://impfdashboard.de/,32858790,25653552,7222310,100
2021-05-06,Germany,"Johnson&Johnson, Moderna, Oxford/AstraZeneca, Pfizer/BioNTech",https://impfdashboard.de/,33853170,26427622,7447251,104
2021-05-07,Germany,"Johnson&Johnson, Moderna, Oxford/AstraZeneca, Pfizer/BioNTech",https://impfdashboard.de/,34747393,27087110,7686489,108
2021-05-08,Germany,"Johnson&Johnson, Moderna, Oxford/AstraZeneca, Pfizer/BioNTech",https://impfdashboard.de/,35173988,27361054,7840868,110
2021-05-09,Germany,"Johnson&Johnson, Moderna, Oxford/AstraZeneca, Pfizer/BioNTech",https://impfdashboard.de/,35460667,27546136,7943535,110
2021-05-10,Germany,"Johnson&Johnson, Moderna, Oxford/AstraZeneca, Pfizer/BioNTech",https://impfdashboard.de/,36051846,27947142,8137600,114
2021-05-11,Germany,"Johnson&Johnson, Moderna, Oxford/AstraZeneca, Pfizer/BioNTech",https://impfdashboard.de/,37141614,28751698,8426592,115
2021-05-12,Germany,"Johnson&Johnson, Moderna, Oxford/AstraZeneca, Pfizer/BioNTech",https://impfdashboard.de/,38562470,29810293,8794701,117
2021-05-13,Germany,"Johnson&Johnson, Moderna, Oxford/AstraZeneca, Pfizer/BioNTech",https://impfdashboard.de/,38992539,30081929,8955805,119
2021-05-14,Germany,"Johnson&Johnson, Moderna, Oxford/AstraZeneca, Pfizer/BioNTech",https://impfdashboard.de/,39751233,30617562,9186704,120
2021-05-15,Germany,"Johnson&Johnson, Moderna, Oxford/AstraZeneca, Pfizer/BioNTech",https://impfdashboard.de/,40152316,30857154,9352476,122
2021-05-16,Germany,"Johnson&Johnson, Moderna, Oxford/AstraZeneca, Pfizer/BioNTech",https://impfdashboard.de/,40434942,31022817,9474171,122
2021-05-17,Germany,"Johnson&Johnson, Moderna, Oxford/AstraZeneca, Pfizer/BioNTech",https://impfdashboard.de/,40991909,31383254,9680606,126
2021-05-18,Germany,"Johnson&Johnson, Moderna, Oxford/AstraZeneca, Pfizer/BioNTech",https://impfdashboard.de/,41866607,31910395,10036024,129
2021-05-19,Germany,"Johnson&Johnson, Moderna, Oxford/AstraZeneca, Pfizer/BioNTech",https://impfdashboard.de/,42967736,32488224,10571617,132
2021-05-20,Germany,"Johnson&Johnson, Moderna, Oxford/AstraZeneca, Pfizer/BioNTech",https://impfdashboard.de/,43919036,32956318,11065928,134
2021-05-21,Germany,"Johnson&Johnson, Moderna, Oxford/AstraZeneca, Pfizer/BioNTech",https://impfdashboard.de/,44772898,33375608,11512532,134
2021-05-22,Germany,"Johnson&Johnson, Moderna, Oxford/AstraZeneca, Pfizer/BioNTech",https://impfdashboard.de/,45247519,33605305,11771754,137
2021-05-23,Germany,"Johnson&Johnson, Moderna, Oxford/AstraZeneca, Pfizer/BioNTech",https://impfdashboard.de/,45533039,33739204,11932243,139
2021-05-24,Germany,"Johnson&Johnson, Moderna, Oxford/AstraZeneca, Pfizer/BioNTech",https://impfdashboard.de/,45859382,33888567,12117277,145
2021-05-25,Germany,"Johnson&Johnson, Moderna, Oxford/AstraZeneca, Pfizer/BioNTech",https://impfdashboard.de/,46516685,34186843,12501580,146
2021-05-26,Germany,"Johnson&Johnson, Moderna, Oxford/AstraZeneca, Pfizer/BioNTech",https://impfdashboard.de/,47699301,34736567,13213077,150
2021-05-27,Germany,"Johnson&Johnson, Moderna, Oxford/AstraZeneca, Pfizer/BioNTech",https://impfdashboard.de/,48743038,35223113,13851578,155
2021-05-28,Germany,"Johnson&Johnson, Moderna, Oxford/AstraZeneca, Pfizer/BioNTech",https://impfdashboard.de/,49649991,35664928,14400949,157
2021-05-29,Germany,"Johnson&Johnson, Moderna, Oxford/AstraZeneca, Pfizer/BioNTech",https://impfdashboard.de/,50061183,35845066,14659838,162
2021-05-30,Germany,"Johnson&Johnson, Moderna, Oxford/AstraZeneca, Pfizer/BioNTech",https://impfdashboard.de/,50345324,35954152,14845980,163
2021-05-31,Germany,"Johnson&Johnson, Moderna, Oxford/AstraZeneca, Pfizer/BioNTech",https://impfdashboard.de/,50893856,36176033,15215246,163
2021-06-01,Germany,"Johnson&Johnson, Moderna, Oxford/AstraZeneca, Pfizer/BioNTech",https://impfdashboard.de/,51885489,36662350,15805302,307
2021-06-02,Germany,"Johnson&Johnson, Moderna, Oxford/AstraZeneca, Pfizer/BioNTech",https://impfdashboard.de/,53138044,37286420,16538919,310
2021-06-03,Germany,"Johnson&Johnson, Moderna, Oxford/AstraZeneca, Pfizer/BioNTech",https://impfdashboard.de/,53782917,37571401,16952221,312
2021-06-04,Germany,"Johnson&Johnson, Moderna, Oxford/AstraZeneca, Pfizer/BioNTech",https://impfdashboard.de/,54596299,37941452,17472984,313
2021-06-05,Germany,"Johnson&Johnson, Moderna, Oxford/AstraZeneca, Pfizer/BioNTech",https://impfdashboard.de/,55009935,38068864,17790023,316
2021-06-06,Germany,"Johnson&Johnson, Moderna, Oxford/AstraZeneca, Pfizer/BioNTech",https://impfdashboard.de/,55302710,38146879,18023040,317
2021-06-07,Germany,"Johnson&Johnson, Moderna, Oxford/AstraZeneca, Pfizer/BioNTech",https://impfdashboard.de/,55918405,38395436,18444757,321
2021-06-08,Germany,"Johnson&Johnson, Moderna, Oxford/AstraZeneca, Pfizer/BioNTech",https://impfdashboard.de/,56979062,38810423,19159071,375
2021-06-09,Germany,"Johnson&Johnson, Moderna, Oxford/AstraZeneca, Pfizer/BioNTech",https://impfdashboard.de/,58410974,39361445,20136025,475
2021-06-10,Germany,"Johnson&Johnson, Moderna, Oxford/AstraZeneca, Pfizer/BioNTech",https://impfdashboard.de/,59608762,39859907,20924126,495
2021-06-11,Germany,"Johnson&Johnson, Moderna, Oxford/AstraZeneca, Pfizer/BioNTech",https://impfdashboard.de/,60677672,40326512,21623578,510
2021-06-12,Germany,"Johnson&Johnson, Moderna, Oxford/AstraZeneca, Pfizer/BioNTech",https://impfdashboard.de/,61114918,40486987,21935684,512
2021-06-13,Germany,"Johnson&Johnson, Moderna, Oxford/AstraZeneca, Pfizer/BioNTech",https://impfdashboard.de/,61398365,40566000,22153922,512
2021-06-14,Germany,"Johnson&Johnson, Moderna, Oxford/AstraZeneca, Pfizer/BioNTech",https://impfdashboard.de/,62055735,40837443,22595205,517
2021-06-15,Germany,"Johnson&Johnson, Moderna, Oxford/AstraZeneca, Pfizer/BioNTech",https://impfdashboard.de/,63108881,41248814,23296234,526
2021-06-16,Germany,"Johnson&Johnson, Moderna, Oxford/AstraZeneca, Pfizer/BioNTech",https://impfdashboard.de/,64498557,41797161,24214023,552
2021-06-17,Germany,"Johnson&Johnson, Moderna, Oxford/AstraZeneca, Pfizer/BioNTech",https://impfdashboard.de/,65651688,42269951,24962738,591
2021-06-18,Germany,"Johnson&Johnson, Moderna, Oxford/AstraZeneca, Pfizer/BioNTech",https://impfdashboard.de/,66648863,42688077,25610786,607
2021-06-19,Germany,"Johnson&Johnson, Moderna, Oxford/AstraZeneca, Pfizer/BioNTech",https://impfdashboard.de/,67077493,42830049,25918636,614
2021-06-20,Germany,"Johnson&Johnson, Moderna, Oxford/AstraZeneca, Pfizer/BioNTech",https://impfdashboard.de/,67372981,42911188,26145803,614
2021-06-21,Germany,"Johnson&Johnson, Moderna, Oxford/AstraZeneca, Pfizer/BioNTech",https://impfdashboard.de/,68006517,43159194,26567789,619
2021-06-22,Germany,"Johnson&Johnson, Moderna, Oxford/AstraZeneca, Pfizer/BioNTech",https://impfdashboard.de/,69088541,43573563,27269901,630
2021-06-23,Germany,"Johnson&Johnson, Moderna, Oxford/AstraZeneca, Pfizer/BioNTech",https://impfdashboard.de/,70429150,44101455,28117566,639
2021-06-24,Germany,"Johnson&Johnson, Moderna, Oxford/AstraZeneca, Pfizer/BioNTech",https://impfdashboard.de/,71469982,44635858,28664566,651
2021-06-25,Germany,"Johnson&Johnson, Moderna, Oxford/AstraZeneca, Pfizer/BioNTech",https://impfdashboard.de/,72394962,45060617,29205304,667
2021-06-26,Germany,"Johnson&Johnson, Moderna, Oxford/AstraZeneca, Pfizer/BioNTech",https://impfdashboard.de/,72806467,45212156,29478659,681
2021-06-27,Germany,"Johnson&Johnson, Moderna, Oxford/AstraZeneca, Pfizer/BioNTech",https://impfdashboard.de/,73098828,45306583,29680749,688
2021-06-28,Germany,"Johnson&Johnson, Moderna, Oxford/AstraZeneca, Pfizer/BioNTech",https://impfdashboard.de/,73730267,45576641,30066726,695
2021-06-29,Germany,"Johnson&Johnson, Moderna, Oxford/AstraZeneca, Pfizer/BioNTech",https://impfdashboard.de/,74667597,45992153,30611290,708
2021-06-30,Germany,"Johnson&Johnson, Moderna, Oxford/AstraZeneca, Pfizer/BioNTech",https://impfdashboard.de/,75695292,46470499,31183758,717
2021-07-01,Germany,"Johnson&Johnson, Moderna, Oxford/AstraZeneca, Pfizer/BioNTech",https://impfdashboard.de/,76680942,46949758,31713067,731
2021-07-02,Germany,"Johnson&Johnson, Moderna, Oxford/AstraZeneca, Pfizer/BioNTech",https://impfdashboard.de/,77530105,47355020,32179257,749
2021-07-03,Germany,"Johnson&Johnson, Moderna, Oxford/AstraZeneca, Pfizer/BioNTech",https://impfdashboard.de/,77908459,47520379,32407468,760
2021-07-04,Germany,"Johnson&Johnson, Moderna, Oxford/AstraZeneca, Pfizer/BioNTech",https://impfdashboard.de/,78182343,47622927,32587724,765
2021-07-05,Germany,"Johnson&Johnson, Moderna, Oxford/AstraZeneca, Pfizer/BioNTech",https://impfdashboard.de/,78720000,47835967,32927291,776
2021-07-06,Germany,"Johnson&Johnson, Moderna, Oxford/AstraZeneca, Pfizer/BioNTech",https://impfdashboard.de/,79500869,48125091,33435030,788
2021-07-07,Germany,"Johnson&Johnson, Moderna, Oxford/AstraZeneca, Pfizer/BioNTech",https://impfdashboard.de/,80500493,48471324,34107537,843
2021-07-08,Germany,"Johnson&Johnson, Moderna, Oxford/AstraZeneca, Pfizer/BioNTech",https://impfdashboard.de/,81351863,48757106,34692724,859
2021-07-09,Germany,"Johnson&Johnson, Moderna, Oxford/AstraZeneca, Pfizer/BioNTech",https://impfdashboard.de/,82112114,48999745,35231047,886
2021-07-10,Germany,"Johnson&Johnson, Moderna, Oxford/AstraZeneca, Pfizer/BioNTech",https://impfdashboard.de/,82456769,49106275,35478949,899
2021-07-11,Germany,"Johnson&Johnson, Moderna, Oxford/AstraZeneca, Pfizer/BioNTech",https://impfdashboard.de/,82685702,49176394,35646169,904
2021-07-12,Germany,"Johnson&Johnson, Moderna, Oxford/AstraZeneca, Pfizer/BioNTech",https://impfdashboard.de/,83155156,49343334,35962792,923
2021-07-13,Germany,"Johnson&Johnson, Moderna, Oxford/AstraZeneca, Pfizer/BioNTech",https://impfdashboard.de/,83919540,49544953,36545489,940
2021-07-14,Germany,"Johnson&Johnson, Moderna, Oxford/AstraZeneca, Pfizer/BioNTech",https://impfdashboard.de/,84899380,49773967,37319343,1071
2021-07-15,Germany,"Johnson&Johnson, Moderna, Oxford/AstraZeneca, Pfizer/BioNTech",https://impfdashboard.de/,85670705,49969710,37917540,1095
2021-07-16,Germany,"Johnson&Johnson, Moderna, Oxford/AstraZeneca, Pfizer/BioNTech",https://impfdashboard.de/,86334120,50145091,38427944,1128
2021-07-17,Germany,"Johnson&Johnson, Moderna, Oxford/AstraZeneca, Pfizer/BioNTech",https://impfdashboard.de/,86607627,50235463,38629641,1144
2021-07-18,Germany,"Johnson&Johnson, Moderna, Oxford/AstraZeneca, Pfizer/BioNTech",https://impfdashboard.de/,86808485,50307218,38769957,1149
2021-07-19,Germany,"Johnson&Johnson, Moderna, Oxford/AstraZeneca, Pfizer/BioNTech",https://impfdashboard.de/,87192039,50414284,39060722,1181
2021-07-20,Germany,"Johnson&Johnson, Moderna, Oxford/AstraZeneca, Pfizer/BioNTech",https://impfdashboard.de/,87802208,50556334,39543158,1214
2021-07-21,Germany,"Johnson&Johnson, Moderna, Oxford/AstraZeneca, Pfizer/BioNTech",https://impfdashboard.de/,88560916,50726770,40145364,1232
2021-07-22,Germany,"Johnson&Johnson, Moderna, Oxford/AstraZeneca, Pfizer/BioNTech",https://impfdashboard.de/,89186043,50863300,40647590,1276
2021-07-23,Germany,"Johnson&Johnson, Moderna, Oxford/AstraZeneca, Pfizer/BioNTech",https://impfdashboard.de/,89760179,50996575,41106778,1326
2021-07-24,Germany,"Johnson&Johnson, Moderna, Oxford/AstraZeneca, Pfizer/BioNTech",https://impfdashboard.de/,89972777,51062020,41265667,1565
2021-07-25,Germany,"Johnson&Johnson, Moderna, Oxford/AstraZeneca, Pfizer/BioNTech",https://impfdashboard.de/,90097683,51100471,41358034,1579
2021-07-26,Germany,"Johnson&Johnson, Moderna, Oxford/AstraZeneca, Pfizer/BioNTech",https://impfdashboard.de/,90438121,51184393,41625709,1600
2021-07-27,Germany,"Johnson&Johnson, Moderna, Oxford/AstraZeneca, Pfizer/BioNTech",https://impfdashboard.de/,90994450,51296742,42082648,1663
2021-07-28,Germany,"Johnson&Johnson, Moderna, Oxford/AstraZeneca, Pfizer/BioNTech",https://impfdashboard.de/,91688873,51434145,42653355,1828
2021-07-29,Germany,"Johnson&Johnson, Moderna, Oxford/AstraZeneca, Pfizer/BioNTech",https://impfdashboard.de/,92270039,51555347,43127964,1973
2021-07-30,Germany,"Johnson&Johnson, Moderna, Oxford/AstraZeneca, Pfizer/BioNTech",https://impfdashboard.de/,92770560,51667168,43532510,2296
2021-07-31,Germany,"Johnson&Johnson, Moderna, Oxford/AstraZeneca, Pfizer/BioNTech",https://impfdashboard.de/,92966626,51727701,43680351,2496
2021-08-01,Germany,"Johnson&Johnson, Moderna, Oxford/AstraZeneca, Pfizer/BioNTech",https://impfdashboard.de/,93084415,51764958,43766752,2666
2021-08-02,Germany,"Johnson&Johnson, Moderna, Oxford/AstraZeneca, Pfizer/BioNTech",https://impfdashboard.de/,93379608,51835841,44002079,2822
2021-08-03,Germany,"Johnson&Johnson, Moderna, Oxford/AstraZeneca, Pfizer/BioNTech",https://impfdashboard.de/,93844037,51926949,44388505,3063
2021-08-04,Germany,"Johnson&Johnson, Moderna, Oxford/AstraZeneca, Pfizer/BioNTech",https://impfdashboard.de/,94420328,52038791,44865567,3350
2021-08-05,Germany,"Johnson&Johnson, Moderna, Oxford/AstraZeneca, Pfizer/BioNTech",https://impfdashboard.de/,94941063,52139839,45299513,3580
2021-08-06,Germany,"Johnson&Johnson, Moderna, Oxford/AstraZeneca, Pfizer/BioNTech",https://impfdashboard.de/,95384359,52237104,45660602,3837
2021-08-07,Germany,"Johnson&Johnson, Moderna, Oxford/AstraZeneca, Pfizer/BioNTech",https://impfdashboard.de/,95570704,52291710,45804935,4269
2021-08-08,Germany,"Johnson&Johnson, Moderna, Oxford/AstraZeneca, Pfizer/BioNTech",https://impfdashboard.de/,95687035,52319491,45897327,4413
2021-08-09,Germany,"Johnson&Johnson, Moderna, Oxford/AstraZeneca, Pfizer/BioNTech",https://impfdashboard.de/,95983280,52380765,46141022,4702
2021-08-10,Germany,"Johnson&Johnson, Moderna, Oxford/AstraZeneca, Pfizer/BioNTech",https://impfdashboard.de/,96415314,52467151,46497804,4916
2021-08-11,Germany,"Johnson&Johnson, Moderna, Oxford/AstraZeneca, Pfizer/BioNTech",https://impfdashboard.de/,96960902,52588607,46937376,5251
2021-08-12,Germany,"Johnson&Johnson, Moderna, Oxford/AstraZeneca, Pfizer/BioNTech",https://impfdashboard.de/,97436122,52708690,47310946,5628
2021-08-13,Germany,"Johnson&Johnson, Moderna, Oxford/AstraZeneca, Pfizer/BioNTech",https://impfdashboard.de/,97861798,52824588,47639983,6045
2021-08-14,Germany,"Johnson&Johnson, Moderna, Oxford/AstraZeneca, Pfizer/BioNTech",https://impfdashboard.de/,98058242,52892269,47784492,6344
2021-08-15,Germany,"Johnson&Johnson, Moderna, Oxford/AstraZeneca, Pfizer/BioNTech",https://impfdashboard.de/,98176319,52930490,47871252,6532
2021-08-16,Germany,"Johnson&Johnson, Moderna, Oxford/AstraZeneca, Pfizer/BioNTech",https://impfdashboard.de/,98442953,53013541,48068282,6775
2021-08-17,Germany,"Johnson&Johnson, Moderna, Oxford/AstraZeneca, Pfizer/BioNTech",https://impfdashboard.de/,98805628,53127513,48332098,7050
2021-08-18,Germany,"Johnson&Johnson, Moderna, Oxford/AstraZeneca, Pfizer/BioNTech",https://impfdashboard.de/,99230080,53264908,48637169,7387
2021-08-19,Germany,"Johnson&Johnson, Moderna, Oxford/AstraZeneca, Pfizer/BioNTech",https://impfdashboard.de/,99565268,53385845,48869091,7778
2021-08-20,Germany,"Johnson&Johnson, Moderna, Oxford/AstraZeneca, Pfizer/BioNTech",https://impfdashboard.de/,99908519,53518458,49100875,8229
2021-08-21,Germany,"Johnson&Johnson, Moderna, Oxford/AstraZeneca, Pfizer/BioNTech",https://impfdashboard.de/,100065273,53592040,49197818,8590
2021-08-22,Germany,"Johnson&Johnson, Moderna, Oxford/AstraZeneca, Pfizer/BioNTech",https://impfdashboard.de/,100159640,53632202,49257603,8948
2021-08-23,Germany,"Johnson&Johnson, Moderna, Oxford/AstraZeneca, Pfizer/BioNTech",https://impfdashboard.de/,100392976,53724171,49412258,9298
2021-08-24,Germany,"Johnson&Johnson, Moderna, Oxford/AstraZeneca, Pfizer/BioNTech",https://impfdashboard.de/,100691328,53846033,49604473,9788
2021-08-25,Germany,"Johnson&Johnson, Moderna, Oxford/AstraZeneca, Pfizer/BioNTech",https://impfdashboard.de/,101034350,53987616,49823607,10345
2021-08-26,Germany,"Johnson&Johnson, Moderna, Oxford/AstraZeneca, Pfizer/BioNTech",https://impfdashboard.de/,101335468,54121205,50008528,10962
2021-08-27,Germany,"Johnson&Johnson, Moderna, Oxford/AstraZeneca, Pfizer/BioNTech",https://impfdashboard.de/,101589083,54235556,50165219,12208
2021-08-28,Germany,"Johnson&Johnson, Moderna, Oxford/AstraZeneca, Pfizer/BioNTech",https://impfdashboard.de/,101726716,54306387,50246043,13030
2021-08-29,Germany,"Johnson&Johnson, Moderna, Oxford/AstraZeneca, Pfizer/BioNTech",https://impfdashboard.de/,101812190,54343994,50299545,13827
2021-08-30,Germany,"Johnson&Johnson, Moderna, Oxford/AstraZeneca, Pfizer/BioNTech",https://impfdashboard.de/,102004541,54428768,50417737,15993
2021-08-31,Germany,"Johnson&Johnson, Moderna, Oxford/AstraZeneca, Pfizer/BioNTech",https://impfdashboard.de/,102248235,54540392,50560267,19659
2021-09-01,Germany,"Johnson&Johnson, Moderna, Oxford/AstraZeneca, Pfizer/BioNTech",https://impfdashboard.de/,102544680,54666427,50729936,35360
2021-09-02,Germany,"Johnson&Johnson, Moderna, Oxford/AstraZeneca, Pfizer/BioNTech",https://impfdashboard.de/,102802792,54779312,50872014,52667
2021-09-03,Germany,"Johnson&Johnson, Moderna, Oxford/AstraZeneca, Pfizer/BioNTech",https://impfdashboard.de/,103050432,54886373,51011157,69057
2021-09-04,Germany,"Johnson&Johnson, Moderna, Oxford/AstraZeneca, Pfizer/BioNTech",https://impfdashboard.de/,103158667,54935134,51075841,73719
2021-09-05,Germany,"Johnson&Johnson, Moderna, Oxford/AstraZeneca, Pfizer/BioNTech",https://impfdashboard.de/,103223438,54963659,51113941,77060
2021-09-06,Germany,"Johnson&Johnson, Moderna, Oxford/AstraZeneca, Pfizer/BioNTech",https://impfdashboard.de/,103378902,55028060,51198554,92256
2021-09-07,Germany,"Johnson&Johnson, Moderna, Oxford/AstraZeneca, Pfizer/BioNTech",https://impfdashboard.de/,103602584,55120907,51317368,115178
2021-09-08,Germany,"Johnson&Johnson, Moderna, Oxford/AstraZeneca, Pfizer/BioNTech",https://impfdashboard.de/,103863733,55225922,51458710,142259
2021-09-09,Germany,"Johnson&Johnson, Moderna, Oxford/AstraZeneca, Pfizer/BioNTech",https://impfdashboard.de/,104119975,55329843,51595553,171008
2021-09-10,Germany,"Johnson&Johnson, Moderna, Oxford/AstraZeneca, Pfizer/BioNTech",https://impfdashboard.de/,104348099,55419595,51727467,192900
2021-09-11,Germany,"Johnson&Johnson, Moderna, Oxford/AstraZeneca, Pfizer/BioNTech",https://impfdashboard.de/,104458722,55463636,51798761,199114
2021-09-12,Germany,"Johnson&Johnson, Moderna, Oxford/AstraZeneca, Pfizer/BioNTech",https://impfdashboard.de/,104523556,55487634,51840319,203699
2021-09-13,Germany,"Johnson&Johnson, Moderna, Oxford/AstraZeneca, Pfizer/BioNTech",https://impfdashboard.de/,104690843,55551523,51934383,224790
2021-09-14,Germany,"Johnson&Johnson, Moderna, Oxford/AstraZeneca, Pfizer/BioNTech",https://impfdashboard.de/,104928243,55644685,52058054,257986
2021-09-15,Germany,"Johnson&Johnson, Moderna, Oxford/AstraZeneca, Pfizer/BioNTech",https://impfdashboard.de/,105212860,55749566,52211031,299164
2021-09-16,Germany,"Johnson&Johnson, Moderna, Oxford/AstraZeneca, Pfizer/BioNTech",https://impfdashboard.de/,105489475,55855807,52354188,341450
2021-09-17,Germany,"Johnson&Johnson, Moderna, Oxford/AstraZeneca, Pfizer/BioNTech",https://impfdashboard.de/,105738979,55950106,52493916,373117
2021-09-18,Germany,"Johnson&Johnson, Moderna, Oxford/AstraZeneca, Pfizer/BioNTech",https://impfdashboard.de/,105852052,55992290,52567088,381046
2021-09-19,Germany,"Johnson&Johnson, Moderna, Oxford/AstraZeneca, Pfizer/BioNTech",https://impfdashboard.de/,105921810,56017236,52611236,386557
2021-09-20,Germany,"Johnson&Johnson, Moderna, Oxford/AstraZeneca, Pfizer/BioNTech",https://impfdashboard.de/,106080290,56069935,52701118,411687
2021-09-21,Germany,"Johnson&Johnson, Moderna, Oxford/AstraZeneca, Pfizer/BioNTech",https://impfdashboard.de/,106314476,56149372,52823339,454237
2021-09-22,Germany,"Johnson&Johnson, Moderna, Oxford/AstraZeneca, Pfizer/BioNTech",https://impfdashboard.de/,106590197,56239905,52967194,507084
2021-09-23,Germany,"Johnson&Johnson, Moderna, Oxford/AstraZeneca, Pfizer/BioNTech",https://impfdashboard.de/,106859100,56330965,53104444,560068
2021-09-24,Germany,"Johnson&Johnson, Moderna, Oxford/AstraZeneca, Pfizer/BioNTech",https://impfdashboard.de/,107100442,56412402,53239391,598425
2021-09-25,Germany,"Johnson&Johnson, Moderna, Oxford/AstraZeneca, Pfizer/BioNTech",https://impfdashboard.de/,107200924,56445621,53306016,607504
2021-09-26,Germany,"Johnson&Johnson, Moderna, Oxford/AstraZeneca, Pfizer/BioNTech",https://impfdashboard.de/,107257646,56463598,53343006,613441
2021-09-27,Germany,"Johnson&Johnson, Moderna, Oxford/AstraZeneca, Pfizer/BioNTech",https://impfdashboard.de/,107409669,56513107,53425647,641516
2021-09-28,Germany,"Johnson&Johnson, Moderna, Oxford/AstraZeneca, Pfizer/BioNTech",https://impfdashboard.de/,107633575,56586665,53538704,688433
2021-09-29,Germany,"Johnson&Johnson, Moderna, Oxford/AstraZeneca, Pfizer/BioNTech",https://impfdashboard.de/,107885605,56664996,53667020,743667
2021-09-30,Germany,"Johnson&Johnson, Moderna, Oxford/AstraZeneca, Pfizer/BioNTech",https://impfdashboard.de/,108130269,56743428,53793253,793566
2021-10-01,Germany,"Johnson&Johnson, Moderna, Oxford/AstraZeneca, Pfizer/BioNTech",https://impfdashboard.de/,108257902,56787528,53858722,817605
2021-10-02,Germany,"Johnson&Johnson, Moderna, Oxford/AstraZeneca, Pfizer/BioNTech",https://impfdashboard.de/,108290154,56801170,53876947,821174
2021-10-03,Germany,"Johnson&Johnson, Moderna, Oxford/AstraZeneca, Pfizer/BioNTech",https://impfdashboard.de/,108304045,56806584,53884750,822903
2021-10-04,Germany,"Johnson&Johnson, Moderna, Oxford/AstraZeneca, Pfizer/BioNTech",https://impfdashboard.de/,108399730,56838840,53933203,842783
2021-10-05,Germany,"Johnson&Johnson, Moderna, Oxford/AstraZeneca, Pfizer/BioNTech",https://impfdashboard.de/,108582182,56894027,54023478,885256
2021-10-06,Germany,"Johnson&Johnson, Moderna, Oxford/AstraZeneca, Pfizer/BioNTech",https://impfdashboard.de/,108786654,56952364,54122583,938292
2021-10-07,Germany,"Johnson&Johnson, Moderna, Oxford/AstraZeneca, Pfizer/BioNTech",https://impfdashboard.de/,108998403,57014914,54226339,990618
2021-10-08,Germany,"Johnson&Johnson, Moderna, Oxford/AstraZeneca, Pfizer/BioNTech",https://impfdashboard.de/,109181216,57072828,54315175,1033418
2021-10-09,Germany,"Johnson&Johnson, Moderna, Oxford/AstraZeneca, Pfizer/BioNTech",https://impfdashboard.de/,109222317,57089096,54337798,1038878
2021-10-10,Germany,"Johnson&Johnson, Moderna, Oxford/AstraZeneca, Pfizer/BioNTech",https://impfdashboard.de/,109239641,57095902,54347191,1041395
2021-10-11,Germany,"Johnson&Johnson, Moderna, Oxford/AstraZeneca, Pfizer/BioNTech",https://impfdashboard.de/,109335616,57125599,54392875,1065806
2021-10-12,Germany,"Johnson&Johnson, Moderna, Oxford/AstraZeneca, Pfizer/BioNTech",https://impfdashboard.de/,109515152,57175834,54475340,1117441
2021-10-13,Germany,"Johnson&Johnson, Moderna, Oxford/AstraZeneca, Pfizer/BioNTech",https://impfdashboard.de/,109721438,57231302,54567862,1180672
2021-10-14,Germany,"Johnson&Johnson, Moderna, Oxford/AstraZeneca, Pfizer/BioNTech",https://impfdashboard.de/,109929761,57287005,54662986,1243315
2021-10-15,Germany,"Johnson&Johnson, Moderna, Oxford/AstraZeneca, Pfizer/BioNTech",https://impfdashboard.de/,110101399,57335578,54742687,1291942
2021-10-16,Germany,"Johnson&Johnson, Moderna, Oxford/AstraZeneca, Pfizer/BioNTech",https://impfdashboard.de/,110143311,57351133,54765001,1298650
2021-10-17,Germany,"Johnson&Johnson, Moderna, Oxford/AstraZeneca, Pfizer/BioNTech",https://impfdashboard.de/,110160127,57356943,54773612,1302073
2021-10-18,Germany,"Johnson&Johnson, Moderna, Oxford/AstraZeneca, Pfizer/BioNTech",https://impfdashboard.de/,110252749,57382591,54813632,1332004
2021-10-19,Germany,"Johnson&Johnson, Moderna, Oxford/AstraZeneca, Pfizer/BioNTech",https://impfdashboard.de/,110430778,57427796,54890991,1391462
2021-10-20,Germany,"Johnson&Johnson, Moderna, Oxford/AstraZeneca, Pfizer/BioNTech",https://impfdashboard.de/,110635487,57476799,54976044,1466248
2021-10-21,Germany,"Johnson&Johnson, Moderna, Oxford/AstraZeneca, Pfizer/BioNTech",https://impfdashboard.de/,110842088,57526573,55061131,1542127
2021-10-22,Germany,"Johnson&Johnson, Moderna, Oxford/AstraZeneca, Pfizer/BioNTech",https://impfdashboard.de/,111002655,57567717,55128428,1598503
2021-10-23,Germany,"Johnson&Johnson, Moderna, Oxford/AstraZeneca, Pfizer/BioNTech",https://impfdashboard.de/,111047089,57582733,55148419,1610129
2021-10-24,Germany,"Johnson&Johnson, Moderna, Oxford/AstraZeneca, Pfizer/BioNTech",https://impfdashboard.de/,111061620,57587465,55155009,1614150
2021-10-25,Germany,"Johnson&Johnson, Moderna, Oxford/AstraZeneca, Pfizer/BioNTech",https://impfdashboard.de/,111169806,57615298,55197514,1654886
2021-10-26,Germany,"Johnson&Johnson, Moderna, Oxford/AstraZeneca, Pfizer/BioNTech",https://impfdashboard.de/,111379183,57659825,55276618,1744352
2021-10-27,Germany,"Johnson&Johnson, Moderna, Oxford/AstraZeneca, Pfizer/BioNTech",https://impfdashboard.de/,111622120,57708564,55362375,1856097
2021-10-28,Germany,"Johnson&Johnson, Moderna, Oxford/AstraZeneca, Pfizer/BioNTech",https://impfdashboard.de/,111870718,57759399,55448287,1971664
2021-10-29,Germany,"Johnson&Johnson, Moderna, Oxford/AstraZeneca, Pfizer/BioNTech",https://impfdashboard.de/,112077697,57803633,55518677,2067821
2021-10-30,Germany,"Johnson&Johnson, Moderna, Oxford/AstraZeneca, Pfizer/BioNTech",https://impfdashboard.de/,112130697,57819339,55537893,2088064
2021-10-31,Germany,"Johnson&Johnson, Moderna, Oxford/AstraZeneca, Pfizer/BioNTech",https://impfdashboard.de/,112147138,57824161,55543811,2094440
2021-11-01,Germany,"Johnson&Johnson, Moderna, Oxford/AstraZeneca, Pfizer/BioNTech",https://impfdashboard.de/,112212010,57837702,55564049,2127033
2021-11-02,Germany,"Johnson&Johnson, Moderna, Oxford/AstraZeneca, Pfizer/BioNTech",https://impfdashboard.de/,112426245,57875653,55627344,2242391
2021-11-03,Germany,"Johnson&Johnson, Moderna, Oxford/AstraZeneca, Pfizer/BioNTech",https://impfdashboard.de/,112717546,57927822,55706019,2406915
2021-11-04,Germany,"Johnson&Johnson, Moderna, Oxford/AstraZeneca, Pfizer/BioNTech",https://impfdashboard.de/,113018139,57979782,55784739,2580366
2021-11-05,Germany,"Johnson&Johnson, Moderna, Oxford/AstraZeneca, Pfizer/BioNTech",https://impfdashboard.de/,113275610,58025140,55847422,2733833
2021-11-06,Germany,"Johnson&Johnson, Moderna, Oxford/AstraZeneca, Pfizer/BioNTech",https://impfdashboard.de/,113347427,58043744,55866088,2771187
2021-11-07,Germany,"Johnson&Johnson, Moderna, Oxford/AstraZeneca, Pfizer/BioNTech",https://impfdashboard.de/,113379750,58051811,55874887,2787844
2021-11-08,Germany,"Johnson&Johnson, Moderna, Oxford/AstraZeneca, Pfizer/BioNTech",https://impfdashboard.de/,113553421,58082932,55913355,2895026
2021-11-09,Germany,"Johnson&Johnson, Moderna, Oxford/AstraZeneca, Pfizer/BioNTech",https://impfdashboard.de/,113892470,58139064,55986810,3109140
2021-11-10,Germany,"Johnson&Johnson, Moderna, Oxford/AstraZeneca, Pfizer/BioNTech",https://impfdashboard.de/,114291304,58199087,56062979,3376277
2021-11-11,Germany,"Johnson&Johnson, Moderna, Oxford/AstraZeneca, Pfizer/BioNTech",https://impfdashboard.de/,114703756,58262897,56141662,3650692
2021-11-12,Germany,"Johnson&Johnson, Moderna, Oxford/AstraZeneca, Pfizer/BioNTech",https://impfdashboard.de/,115035213,58317727,56198865,3874851
2021-11-13,Germany,"Johnson&Johnson, Moderna, Oxford/AstraZeneca, Pfizer/BioNTech",https://impfdashboard.de/,115139891,58343541,56218962,3936600
2021-11-14,Germany,"Johnson&Johnson, Moderna, Oxford/AstraZeneca, Pfizer/BioNTech",https://impfdashboard.de/,115188842,58354653,56228337,3965976
2021-11-15,Germany,"Johnson&Johnson, Moderna, Oxford/AstraZeneca, Pfizer/BioNTech",https://impfdashboard.de/,115434833,58397543,56269216,4131618
2021-11-16,Germany,"Johnson&Johnson, Moderna, Oxford/AstraZeneca, Pfizer/BioNTech",https://impfdashboard.de/,115908411,58461611,56338116,4476454
2021-11-17,Germany,"Johnson&Johnson, Moderna, Oxford/AstraZeneca, Pfizer/BioNTech",https://impfdashboard.de/,116461202,58531402,56408529,4893521
2021-11-18,Germany,"Johnson&Johnson, Moderna, Oxford/AstraZeneca, Pfizer/BioNTech",https://impfdashboard.de/,117044364,58606075,56483612,5332009
2021-11-19,Germany,"Johnson&Johnson, Moderna, Oxford/AstraZeneca, Pfizer/BioNTech",https://impfdashboard.de/,117587563,58680181,56550791,5740720
2021-11-20,Germany,"Johnson&Johnson, Moderna, Oxford/AstraZeneca, Pfizer/BioNTech",https://impfdashboard.de/,117806092,58726030,56577534,5893066
2021-11-21,Germany,"Johnson&Johnson, Moderna, Oxford/AstraZeneca, Pfizer/BioNTech",https://impfdashboard.de/,117900629,58743110,56589102,5961049
2021-11-22,Germany,"Johnson&Johnson, Moderna, Oxford/AstraZeneca, Pfizer/BioNTech",https://impfdashboard.de/,118317286,58805961,56630982,6279383
2021-11-23,Germany,"Johnson&Johnson, Moderna, Oxford/AstraZeneca, Pfizer/BioNTech",https://impfdashboard.de/,119031995,58908465,56701981,6830258
2021-11-24,Germany,"Johnson&Johnson, Moderna, Oxford/AstraZeneca, Pfizer/BioNTech",https://impfdashboard.de/,119927236,59034212,56788018,7525412
2021-11-25,Germany,"Johnson&Johnson, Moderna, Oxford/AstraZeneca, Pfizer/BioNTech",https://impfdashboard.de/,120810274,59160241,56872937,8209247
2021-11-26,Germany,"Johnson&Johnson, Moderna, Oxford/AstraZeneca, Pfizer/BioNTech",https://impfdashboard.de/,121651625,59276090,56948841,8870705
2021-11-27,Germany,"Johnson&Johnson, Moderna, Oxford/AstraZeneca, Pfizer/BioNTech",https://impfdashboard.de/,122223752,59366832,56993680,9318938
2021-11-28,Germany,"Johnson&Johnson, Moderna, Oxford/AstraZeneca, Pfizer/BioNTech",https://impfdashboard.de/,122429338,59398969,57010579,9479458
2021-11-29,Germany,"Johnson&Johnson, Moderna, Oxford/AstraZeneca, Pfizer/BioNTech",https://impfdashboard.de/,123059173,59486570,57062839,9977416
2021-11-30,Germany,"Johnson&Johnson, Moderna, Oxford/AstraZeneca, Pfizer/BioNTech",https://impfdashboard.de/,123978841,59593996,57137858,10723287
2021-12-01,Germany,"Johnson&Johnson, Moderna, Oxford/AstraZeneca, Pfizer/BioNTech",https://impfdashboard.de/,125100857,59707010,57222026,11656332
2021-12-02,Germany,"Johnson&Johnson, Moderna, Oxford/AstraZeneca, Pfizer/BioNTech",https://impfdashboard.de/,126200455,59813317,57310037,12569595
2021-12-03,Germany,"Johnson&Johnson, Moderna, Oxford/AstraZeneca, Pfizer/BioNTech",https://impfdashboard.de/,127268117,59912169,57385311,13470264
2021-12-04,Germany,"Johnson&Johnson, Moderna, Oxford/AstraZeneca, Pfizer/BioNTech",https://impfdashboard.de/,128096551,59985063,57431667,14186539
2021-12-05,Germany,"Johnson&Johnson, Moderna, Oxford/AstraZeneca, Pfizer/BioNTech",https://impfdashboard.de/,128374499,60007959,57447382,14427702
2021-12-06,Germany,"Johnson&Johnson, Moderna, Oxford/AstraZeneca, Pfizer/BioNTech",https://impfdashboard.de/,129122750,60076567,57496665,15064032
2021-12-07,Germany,"Johnson&Johnson, Moderna, Oxford/AstraZeneca, Pfizer/BioNTech",https://impfdashboard.de/,130210950,60161093,57573687,15996175
2021-12-08,Germany,"Johnson&Johnson, Moderna, Oxford/AstraZeneca, Pfizer/BioNTech",https://impfdashboard.de/,131495088,60253512,57658190,17108968
2021-12-09,Germany,"Johnson&Johnson, Moderna, Oxford/AstraZeneca, Pfizer/BioNTech",https://impfdashboard.de/,132740131,60341588,57747996,18181250
2021-12-10,Germany,"Johnson&Johnson, Moderna, Oxford/AstraZeneca, Pfizer/BioNTech",https://impfdashboard.de/,133956798,60422716,57833551,19236749
2021-12-11,Germany,"Johnson&Johnson, Moderna, Oxford/AstraZeneca, Pfizer/BioNTech",https://impfdashboard.de/,134941584,60483634,57888039,20110075
2021-12-12,Germany,"Johnson&Johnson, Moderna, Oxford/AstraZeneca, Pfizer/BioNTech",https://impfdashboard.de/,135257154,60501337,57905901,20391189
2021-12-13,Germany,"Johnson&Johnson, Moderna, Oxford/AstraZeneca, Pfizer/BioNTech",https://impfdashboard.de/,136059542,60555269,57962042,21086946
2021-12-14,Germany,"Johnson&Johnson, Moderna, Oxford/AstraZeneca, Pfizer/BioNTech",https://impfdashboard.de/,137191321,60628859,58050100,22060564
2021-12-15,Germany,"Johnson&Johnson, Moderna, Oxford/AstraZeneca, Pfizer/BioNTech",https://impfdashboard.de/,138819505,60734748,58175710,23461002
2021-12-16,Germany,"Johnson&Johnson, Moderna, Oxford/AstraZeneca, Pfizer/BioNTech",https://impfdashboard.de/,140202434,60835127,58298605,24624480
2021-12-17,Germany,"Johnson&Johnson, Moderna, Oxford/AstraZeneca, Pfizer/BioNTech",https://impfdashboard.de/,141480384,60943048,58414704,25681752
2021-12-18,Germany,"Johnson&Johnson, Moderna, Oxford/AstraZeneca, Pfizer/BioNTech",https://impfdashboard.de/,142428931,61036993,58482446,26470331
2021-12-19,Germany,"Johnson&Johnson, Moderna, Oxford/AstraZeneca, Pfizer/BioNTech",https://impfdashboard.de/,142804988,61083537,58507442,26775578
2021-12-20,Germany,"Johnson&Johnson, Moderna, Oxford/AstraZeneca, Pfizer/BioNTech",https://impfdashboard.de/,143769910,61169121,58595317,27568912
2021-12-21,Germany,"Johnson&Johnson, Moderna, Oxford/AstraZeneca, Pfizer/BioNTech",https://impfdashboard.de/,144960752,61272757,58715414,28538597
2021-12-22,Germany,"Johnson&Johnson, Moderna, Oxford/AstraZeneca, Pfizer/BioNTech",https://impfdashboard.de/,146128692,61375666,58830691,29490177
2021-12-23,Germany,"Johnson&Johnson, Moderna, Oxford/AstraZeneca, Pfizer/BioNTech",https://impfdashboard.de/,146920786,61448339,58914842,30126889
2021-12-24,Germany,"Johnson&Johnson, Moderna, Oxford/AstraZeneca, Pfizer/BioNTech",https://impfdashboard.de/,146997558,61456707,58924954,30186019
2021-12-25,Germany,"Johnson&Johnson, Moderna, Oxford/AstraZeneca, Pfizer/BioNTech",https://impfdashboard.de/,147033500,61458748,58927435,30217526
2021-12-26,Germany,"Johnson&Johnson, Moderna, Oxford/AstraZeneca, Pfizer/BioNTech",https://impfdashboard.de/,147103139,61465058,58933597,30274777
2021-12-27,Germany,"Johnson&Johnson, Moderna, Oxford/AstraZeneca, Pfizer/BioNTech",https://impfdashboard.de/,147675390,61514854,58993801,30738098
2021-12-28,Germany,"Johnson&Johnson, Moderna, Oxford/AstraZeneca, Pfizer/BioNTech",https://impfdashboard.de/,148359650,61577962,59066322,31288115
2021-12-29,Germany,"Johnson&Johnson, Moderna, Oxford/AstraZeneca, Pfizer/BioNTech",https://impfdashboard.de/,149043756,61641664,59135653,31840099
2021-12-30,Germany,"Johnson&Johnson, Moderna, Oxford/AstraZeneca, Pfizer/BioNTech",https://impfdashboard.de/,149569878,61693386,59193985,32257029
2021-12-31,Germany,"Johnson&Johnson, Moderna, Oxford/AstraZeneca, Pfizer/BioNTech",https://impfdashboard.de/,149692051,61706235,59209039,32352184
2022-01-01,Germany,"Johnson&Johnson, Moderna, Oxford/AstraZeneca, Pfizer/BioNTech",https://impfdashboard.de/,149719192,61708217,59211833,32374577
2022-01-02,Germany,"Johnson&Johnson, Moderna, Oxford/AstraZeneca, Pfizer/BioNTech",https://impfdashboard.de/,149863717,61723468,59225043,32490762
2022-01-03,Germany,"Johnson&Johnson, Moderna, Oxford/AstraZeneca, Pfizer/BioNTech",https://impfdashboard.de/,150090299,61741444,59252481,32672203
