date,location,vaccine,source_url,total_vaccinations,people_vaccinated,people_fully_vaccinated
2020-12-28,Hungary,Pfizer/BioNTech,https://kormany.hu/hirek/ujabb-helyszineken-folytatodhat-az-egeszsegugyi-dolgozok-oltasa,1094.0,,
2020-12-29,Hungary,Pfizer/BioNTech,https://index.hu/belfold/2020/12/29/koronavirus_operativ_torzs_sajtotajekoztato_jarvany/,2461.0,,
2020-12-30,Hungary,Pfizer/BioNTech,https://www.vg.hu/kozelet/egeszsegugy-kozelet/huszonegyre-no-az-oltopontok-szama-3456613/,3789.0,,
2020-12-31,Hungary,Pfizer/BioNTech,https://hungarytoday.hu/chief-medical-officer-jabs-vaccination-operative-board-2021/,5110.0,,
2021-01-03,Hungary,Pfizer/BioNTech,https://vakcinainfo.gov.hu/hirek/orszagos-tisztifoorvos-az-egeszsegugyi-dolgozok-jelentkezhetnek-korhazi-oltopontokon,12000.0,,
2021-01-04,Hungary,Pfizer/BioNTech,https://koronavirus.gov.hu/cikkek/orszagos-tisztifoorvos-mar-valamennyi-egeszsegugyben-dolgozonak-gyogyszeresznek-elerheto,15000.0,,
2021-01-05,Hungary,Pfizer/BioNTech,https://koronavirus.gov.hu/cikkek/orszagos-tisztifoorvos-eddig-csaknem-21-ezer-egeszsegugyi-dolgozot-oltottak-be,21000.0,,
2021-01-06,Hungary,Pfizer/BioNTech,https://koronavirus.gov.hu/cikkek/orszagos-tisztifoorvos-mar-31-500-egeszsegugyi-dolgozo-kapta-meg-vakcinat-es-az,31500.0,,
2021-01-07,Hungary,Pfizer/BioNTech,https://koronavirus.gov.hu/cikkek/orszagos-tisztifoorvos-jovo-kedden-ujabb-39-ezer-ember-szamara-erkezik-oltoanyag,42549.0,,
2021-01-10,Hungary,Pfizer/BioNTech,https://koronavirus.gov.hu/cikkek/operativ-torzs-ketfele-vakcina-erkezik-kedden-magyarorszagra,71000.0,,
2021-01-11,Hungary,Pfizer/BioNTech,https://koronavirus.gov.hu/cikkek/696-fovel-emelkedett-beazonositott-fertozottek-szama-es-elhunyt-128-beteg,78579.0,,
2021-01-12,Hungary,Pfizer/BioNTech,https://koronavirus.gov.hu/cikkek/1358-fovel-emelkedett-beazonositott-fertozottek-szama-es-elhunyt-95-beteg,86929.0,,
2021-01-13,Hungary,Pfizer/BioNTech,https://koronavirus.gov.hu/cikkek/1-926-fovel-emelkedett-beazonositott-fertozottek-szama-es-elhunyt-118-beteg,96101.0,,
2021-01-14,Hungary,Pfizer/BioNTech,https://koronavirus.gov.hu/cikkek/1-513-fovel-emelkedett-beazonositott-fertozottek-szama-es-elhunyt-111-beteg,105728.0,,
2021-01-15,Hungary,Pfizer/BioNTech,https://koronavirus.gov.hu/cikkek/1438-fovel-emelkedett-beazonositott-fertozottek-szama-es-elhunyt-87-beteg,112847.0,,
2021-01-16,Hungary,Pfizer/BioNTech,https://koronavirus.gov.hu/cikkek/1241-fovel-emelkedett-beazonositott-fertozottek-szama-es-elhunyt-77-beteg,119944.0,,
2021-01-17,Hungary,Pfizer/BioNTech,https://koronavirus.gov.hu/cikkek/orszagos-tisztifoorvos-ujabb-tobb-mint-35-ezer-ember-beoltasara-eleg-vakcina-erkezik,123188.0,,
2021-01-18,Hungary,Pfizer/BioNTech,https://koronavirus.gov.hu/cikkek/573-fovel-emelkedett-beazonositott-fertozottek-szama-es-elhunyt-111-beteg,131332.0,129689.0,1643.0
2021-01-19,Hungary,Pfizer/BioNTech,https://koronavirus.gov.hu/cikkek/976-fovel-emelkedett-beazonositott-fertozottek-szama-es-elhunyt-95-beteg,133257.0,130318.0,2939.0
2021-01-20,Hungary,Pfizer/BioNTech,https://koronavirus.gov.hu/cikkek/1-410-fovel-emelkedett-beazonositott-fertozottek-szama-es-elhunyt-98-beteg,138584.0,134554.0,4030.0
2021-01-21,Hungary,Pfizer/BioNTech,https://koronavirus.gov.hu/cikkek/1-311-fovel-emelkedett-beazonositott-fertozottek-szama-es-elhunyt-98-beteg,144798.0,138983.0,5815.0
2021-01-22,Hungary,Pfizer/BioNTech,https://koronavirus.gov.hu/cikkek/1344-fovel-emelkedett-beazonositott-fertozottek-szama-es-elhunyt-93-beteg,150128.0,143184.0,6944.0
2021-01-23,Hungary,Pfizer/BioNTech,https://koronavirus.gov.hu/cikkek/1257-fovel-emelkedett-beazonositott-fertozottek-szama-es-elhunyt-64-beteg,153392.0,145257.0,8135.0
2021-01-24,Hungary,Pfizer/BioNTech,https://koronavirus.gov.hu/cikkek/844-fovel-emelkedett-beazonositott-fertozottek-szama-es-elhunyt-56-beteg,156098.0,146695.0,9403.0
2021-01-25,Hungary,Pfizer/BioNTech,https://koronavirus.gov.hu/cikkek/459-fovel-emelkedett-beazonositott-fertozottek-szama-es-elhunyt-89-beteg,162315.0,149676.0,12639.0
2021-01-26,Hungary,Pfizer/BioNTech,https://koronavirus.gov.hu/cikkek/1004-fovel-emelkedett-beazonositott-fertozottek-szama-es-elhunyt-85-beteg,170476.0,152704.0,17772.0
2021-01-27,Hungary,Pfizer/BioNTech,https://koronavirus.gov.hu/cikkek/1569-fovel-emelkedett-beazonositott-fertozottek-szama-es-elhunyt-93-beteg,187508.0,161215.0,26293.0
2021-01-28,Hungary,Pfizer/BioNTech,https://koronavirus.gov.hu/cikkek/1459-fovel-emelkedett-beazonositott-fertozottek-szama-es-elhunyt-83-beteg,213010.0,175283.0,37727.0
2021-01-29,Hungary,Pfizer/BioNTech,https://koronavirus.gov.hu/cikkek/1370-fovel-emelkedett-beazonositott-fertozottek-szama-es-elhunyt-89-beteg,247889.0,198283.0,49606.0
2021-01-30,Hungary,Pfizer/BioNTech,https://koronavirus.gov.hu/cikkek/1307-fovel-emelkedett-beazonositott-fertozottek-szama-es-elhunyt-61-beteg,278830.0,222005.0,56825.0
2021-01-31,Hungary,Pfizer/BioNTech,https://koronavirus.gov.hu/cikkek/1124-fovel-emelkedett-beazonositott-fertozottek-szama-es-elhunyt-54-beteg,299138.0,237872.0,61266.0
2021-02-01,Hungary,Pfizer/BioNTech,https://koronavirus.gov.hu/cikkek/578-fovel-emelkedett-beazonositott-fertozottek-szama-es-elhunyt-78-beteg,311662.0,243136.0,68526.0
2021-02-02,Hungary,Pfizer/BioNTech,https://koronavirus.gov.hu/cikkek/1048-fovel-emelkedett-beazonositott-fertozottek-szama-es-elhunyt-83-beteg,322306.0,247270.0,75036.0
2021-02-03,Hungary,Pfizer/BioNTech,https://koronavirus.gov.hu/cikkek/1652-fovel-emelkedett-beazonositott-fertozottek-szama-es-elhunyt-93-beteg,334130.0,249687.0,84452.0
2021-02-04,Hungary,Pfizer/BioNTech,https://koronavirus.gov.hu/cikkek/1576-fovel-emelkedett-beazonositott-fertozottek-szama-es-elhunyt-98-beteg,357303.0,264530.0,92773.0
2021-02-05,Hungary,Pfizer/BioNTech,https://koronavirus.gov.hu/cikkek/1561-fovel-emelkedett-beazonositott-fertozottek-szama-es-elhunyt-96-beteg,381062.0,279410.0,101652.0
2021-02-06,Hungary,Pfizer/BioNTech,https://koronavirus.gov.hu/cikkek/1-370-fovel-emelkedett-beazonositott-fertozottek-szama-es-elhunyt-64-beteg,391621.0,286379.0,105242.0
2021-02-07,Hungary,Pfizer/BioNTech,https://koronavirus.gov.hu/cikkek/1-160-fovel-emelkedett-beazonositott-fertozottek-szama-es-elhunyt-65-beteg,396634.0,289042.0,107592.0
2021-02-08,Hungary,Pfizer/BioNTech,https://koronavirus.gov.hu/cikkek/1079-fovel-emelkedett-beazonositott-fertozottek-szama-es-elhunyt-94-beteg,401791.0,291396.0,110395.0
2021-02-09,Hungary,Pfizer/BioNTech,https://koronavirus.gov.hu/cikkek/1279-fovel-emelkedett-beazonositott-fertozottek-szama-es-elhunyt-98-beteg,406197.0,292627.0,113570.0
2021-02-10,Hungary,Pfizer/BioNTech,https://koronavirus.gov.hu/cikkek/1862-fovel-emelkedett-beazonositott-fertozottek-szama-es-elhunyt-97-beteg,411992.0,294624.0,117368.0
2021-02-11,Hungary,Pfizer/BioNTech,https://koronavirus.gov.hu/cikkek/1860-fovel-emelkedett-beazonositott-fertozottek-szama-es-elhunyt-99-beteg,431097.0,310448.0,120649.0
2021-02-12,Hungary,Pfizer/BioNTech,https://koronavirus.gov.hu/cikkek/2020-fovel-emelkedett-beazonositott-fertozottek-szama-es-elhunyt-93-beteg,455168.0,330745.0,124423.0
2021-02-13,Hungary,Pfizer/BioNTech,https://koronavirus.gov.hu/cikkek/1707-fovel-emelkedett-beazonositott-fertozottek-szama-es-elhunyt-70-beteg,463383.0,335188.0,128195.0
2021-02-14,Hungary,Pfizer/BioNTech,https://koronavirus.gov.hu/cikkek/1337-fovel-emelkedett-beazonositott-fertozottek-szama-es-elhunyt-46-beteg,465636.0,336297.0,129339.0
2021-02-15,Hungary,Pfizer/BioNTech,https://koronavirus.gov.hu/cikkek/823-fovel-emelkedett-beazonositott-fertozottek-szama-es-elhunyt-85-beteg,473551.0,341958.0,131593.0
2021-02-16,Hungary,Pfizer/BioNTech,https://koronavirus.gov.hu/cikkek/1548-fovel-emelkedett-beazonositott-fertozottek-szama-es-elhunyt-94-beteg,483751.0,348927.0,134824.0
2021-02-17,Hungary,Pfizer/BioNTech,https://koronavirus.gov.hu/cikkek/2853-fovel-emelkedett-beazonositott-fertozottek-szama-es-elhunyt-104-beteg,506044.0,365021.0,141023.0
2021-02-18,Hungary,Pfizer/BioNTech,https://koronavirus.gov.hu/cikkek/3093-fovel-emelkedett-beazonositott-fertozottek-szama-es-elhunyt-110-beteg,544253.0,391821.0,152432.0
2021-02-19,Hungary,Pfizer/BioNTech,https://koronavirus.gov.hu/cikkek/2995-fovel-emelkedett-beazonositott-fertozottek-szama-es-elhunyt-107-beteg,600048.0,427309.0,172739.0
2021-02-20,Hungary,Pfizer/BioNTech,https://koronavirus.gov.hu/cikkek/2912-fovel-emelkedett-beazonositott-fertozottek-szama-es-elhunyt-47-beteg,636240.0,445535.0,190705.0
2021-02-21,Hungary,Pfizer/BioNTech,https://koronavirus.gov.hu/cikkek/2623-fovel-emelkedett-beazonositott-fertozottek-szama-es-elhunyt-48-beteg,654462.0,453457.0,201005.0
2021-02-22,Hungary,"Moderna, Oxford/AstraZeneca, Pfizer/BioNTech, Sinopharm/Beijing, Sputnik V",https://koronavirus.gov.hu/cikkek/1628-fovel-emelkedett-beazonositott-fertozottek-szama-es-elhunyt-103-beteg,662816.0,457096.0,205720.0
2021-02-23,Hungary,"Moderna, Oxford/AstraZeneca, Pfizer/BioNTech, Sinopharm/Beijing, Sputnik V",https://koronavirus.gov.hu/cikkek/2855-fovel-emelkedett-beazonositott-fertozottek-szama-es-elhunyt-102-beteg,679850.0,471004.0,208846.0
2021-02-24,Hungary,"Moderna, Oxford/AstraZeneca, Pfizer/BioNTech, Sinopharm/Beijing, Sputnik V",https://koronavirus.gov.hu/cikkek/4385-fovel-emelkedett-beazonositott-fertozottek-szama-es-elhunyt-120-beteg,719146.0,508043.0,211073.0
2021-02-25,Hungary,"Moderna, Oxford/AstraZeneca, Pfizer/BioNTech, Sinopharm/Beijing, Sputnik V",https://koronavirus.gov.hu/cikkek/4668-fovel-emelkedett-beazonositott-fertozottek-szama-es-elhunyt-123-beteg,761905.0,521283.0,240622.0
2021-02-26,Hungary,"Moderna, Oxford/AstraZeneca, Pfizer/BioNTech, Sinopharm/Beijing, Sputnik V",https://koronavirus.gov.hu/cikkek/4948-fovel-emelkedett-beazonositott-fertozottek-szama-es-elhunyt-107-beteg,808008.0,563601.0,244407.0
2021-02-27,Hungary,"Moderna, Oxford/AstraZeneca, Pfizer/BioNTech, Sinopharm/Beijing, Sputnik V",https://koronavirus.gov.hu/cikkek/4-469-fovel-emelkedett-beazonositott-fertozottek-szama-es-elhunyt-72-beteg,927181.0,677682.0,249499.0
2021-02-28,Hungary,"Moderna, Oxford/AstraZeneca, Pfizer/BioNTech, Sinopharm/Beijing, Sputnik V",https://koronavirus.gov.hu/cikkek/4326-fovel-emelkedett-beazonositott-fertozottek-szama-es-elhunyt-84-beteg,936938.0,685247.0,251691.0
2021-03-01,Hungary,"Moderna, Oxford/AstraZeneca, Pfizer/BioNTech, Sinopharm/Beijing, Sputnik V",https://koronavirus.gov.hu/cikkek/tobb-mint-721-ezer-beoltottak-szama-2764-az-uj-fertozott-es-elhunyt-130-beteg,974524.0,721677.0,252847.0
2021-03-02,Hungary,"Moderna, Oxford/AstraZeneca, Pfizer/BioNTech, Sinopharm/Beijing, Sputnik V",https://koronavirus.gov.hu/cikkek/tobb-mint-758-ezer-beoltottak-szama-4211-az-uj-fertozott-es-elhunyt-136-beteg,1011405.0,758037.0,253368.0
2021-03-03,Hungary,"Moderna, Oxford/AstraZeneca, Pfizer/BioNTech, Sinopharm/Beijing, Sputnik V",https://koronavirus.gov.hu/cikkek/tobb-mint-785-ezer-beoltottak-szama-6278-az-uj-fertozott-es-elhunyt-152-beteg,1052593.0,785440.0,267153.0
2021-03-04,Hungary,"Moderna, Oxford/AstraZeneca, Pfizer/BioNTech, Sinopharm/Beijing, Sputnik V",https://koronavirus.gov.hu/cikkek/tobb-mint-862-953-ezer-beoltottak-szama-6369-az-uj-fertozott-es-elhunyt-143-beteg,1142680.0,862953.0,279727.0
2021-03-05,Hungary,"Moderna, Oxford/AstraZeneca, Pfizer/BioNTech, Sinopharm/Beijing, Sputnik V",https://koronavirus.gov.hu/cikkek/949-497-beoltottak-szama-7269-az-uj-fertozott-es-elhunyt-146-beteg,1254377.0,949497.0,304880.0
2021-03-06,Hungary,"Moderna, Oxford/AstraZeneca, Pfizer/BioNTech, Sinopharm/Beijing, Sputnik V",https://koronavirus.gov.hu/cikkek/981-401-beoltottak-szama-6201-az-uj-fertozott-es-elhunyt-108-beteg,1288974.0,981401.0,307573.0
2021-03-07,Hungary,"Moderna, Oxford/AstraZeneca, Pfizer/BioNTech, Sinopharm/Beijing, Sputnik V",https://www.youtube.com/watch?v=KcUesSdS0qs,1310643.0,1002714.0,307929.0
2021-03-08,Hungary,"Moderna, Oxford/AstraZeneca, Pfizer/BioNTech, Sinopharm/Beijing, Sputnik V",https://koronavirus.gov.hu/cikkek/1-millio-47-ezer-beoltottak-szama-6494-az-uj-fertozott-es-elhunyt-158-beteg,1361530.0,1047045.0,314485.0
2021-03-09,Hungary,"Moderna, Oxford/AstraZeneca, Pfizer/BioNTech, Sinopharm/Beijing, Sputnik V",https://koronavirus.gov.hu/cikkek/11-millio-beoltottak-szama-5653-az-uj-fertozott-es-elhunyt-179-beteg,1425697.0,1107791.0,317906.0
2021-03-10,Hungary,"Moderna, Oxford/AstraZeneca, Pfizer/BioNTech, Sinopharm/Beijing, Sputnik V",https://koronavirus.gov.hu/cikkek/1-millio-150-ezer-beoltottak-szama-8312-az-uj-fertozott-es-elhunyt-172-beteg,1476985.0,1149557.0,327428.0
2021-03-11,Hungary,"Moderna, Oxford/AstraZeneca, Pfizer/BioNTech, Sinopharm/Beijing, Sputnik V",https://koronavirus.gov.hu/cikkek/1-millio-230-ezer-beoltottak-szama-9011-az-uj-fertozott-es-elhunyt-130-beteg,1581521.0,1229827.0,351694.0
2021-03-12,Hungary,"Moderna, Oxford/AstraZeneca, Pfizer/BioNTech, Sinopharm/Beijing, Sputnik V",https://koronavirus.gov.hu/cikkek/1-millio-293-ezer-beoltottak-szama-9444-az-uj-fertozott-es-elhunyt-163-beteg,1670757.0,1293414.0,377343.0
2021-03-13,Hungary,"Moderna, Oxford/AstraZeneca, Pfizer/BioNTech, Sinopharm/Beijing, Sputnik V",https://koronavirus.gov.hu/cikkek/1-millio-319-ezer-beoltottak-szama-8863-az-uj-fertozott-es-elhunyt-162-beteg,1711969.0,1319266.0,392703.0
2021-03-14,Hungary,"Moderna, Oxford/AstraZeneca, Pfizer/BioNTech, Sinopharm/Beijing, Sputnik V",https://koronavirus.gov.hu/cikkek/1-millio-334-ezer-beoltottak-szama-7706-az-uj-fertozott-es-elhunyt-131-beteg,1733557.0,1334595.0,398962.0
2021-03-15,Hungary,"Moderna, Oxford/AstraZeneca, Pfizer/BioNTech, Sinopharm/Beijing, Sputnik V",https://koronavirus.gov.hu/cikkek/1-millio-347-ezer-beoltottak-szama-4926-az-uj-fertozott-es-elhunyt-143-beteg,1746578.0,1347073.0,399505.0
2021-03-16,Hungary,"Moderna, Oxford/AstraZeneca, Pfizer/BioNTech, Sinopharm/Beijing, Sputnik V",https://koronavirus.gov.hu/cikkek/1-millio-397-ezer-beoltottak-szama-3456-az-uj-fertozott-es-elhunyt-195-beteg,1804088.0,1397342.0,406746.0
2021-03-17,Hungary,"Moderna, Oxford/AstraZeneca, Pfizer/BioNTech, Sinopharm/Beijing, Sputnik V",https://koronavirus.gov.hu/cikkek/1-millio-442-ezer-beoltottak-szama-6502-az-uj-fertozott-es-elhunyt-207-beteg,1863621.0,1441706.0,421915.0
2021-03-18,Hungary,"Moderna, Oxford/AstraZeneca, Pfizer/BioNTech, Sinopharm/Beijing, Sputnik V",https://koronavirus.gov.hu/cikkek/1-millio-478-ezer-beoltottak-szama-10-759-az-uj-fertozott-es-elhunyt-213-beteg,1922005.0,1477554.0,444451.0
2021-03-19,Hungary,"Moderna, Oxford/AstraZeneca, Pfizer/BioNTech, Sinopharm/Beijing, Sputnik V",https://koronavirus.gov.hu/cikkek/1-millio-520-ezer-beoltottak-szama-11-132-az-uj-fertozott-es-elhunyt-227-beteg,1985993.0,1520350.0,465643.0
2021-03-20,Hungary,"Moderna, Oxford/AstraZeneca, Pfizer/BioNTech, Sinopharm/Beijing, Sputnik V",https://koronavirus.gov.hu/cikkek/1-millio-563-ezer-beoltottak-szama-10-625-az-uj-fertozott-es-elhunyt-194-beteg,2038133.0,1563242.0,474891.0
2021-03-21,Hungary,"Moderna, Oxford/AstraZeneca, Pfizer/BioNTech, Sinopharm/Beijing, Sputnik V",https://koronavirus.gov.hu/cikkek/1-millio-590-ezer-beoltottak-szama-9046-az-uj-fertozott-es-elhunyt-189-beteg,2068990.0,1589601.0,479389.0
2021-03-22,Hungary,"Moderna, Oxford/AstraZeneca, Pfizer/BioNTech, Sinopharm/Beijing, Sputnik V",https://koronavirus.gov.hu/cikkek/1-millio-636-ezer-beoltottak-szama-5481-az-uj-fertozott-es-elhunyt-252-beteg,2118256.0,1636436.0,481820.0
2021-03-23,Hungary,"Moderna, Oxford/AstraZeneca, Pfizer/BioNTech, Sinopharm/Beijing, Sputnik V",https://koronavirus.gov.hu/cikkek/1-millio-696-ezer-beoltottak-szama-7587-az-uj-fertozott-es-elhunyt-249-beteg,2190630.0,1696110.0,494520.0
2021-03-24,Hungary,"Moderna, Oxford/AstraZeneca, Pfizer/BioNTech, Sinopharm/Beijing, Sputnik V",https://koronavirus.gov.hu/cikkek/1-millio-747-ezer-beoltottak-szama-9637-az-uj-fertozott-es-elhunyt-272-beteg,2272123.0,1747519.0,524604.0
2021-03-25,Hungary,"Moderna, Oxford/AstraZeneca, Pfizer/BioNTech, Sinopharm/Beijing, Sputnik V",https://koronavirus.gov.hu/cikkek/1-millio-803-ezer-beoltottak-szama-11-265-az-uj-fertozott-es-elhunyt-275-beteg,2398215.0,1803553.0,594662.0
2021-03-26,Hungary,"Moderna, Oxford/AstraZeneca, Pfizer/BioNTech, Sinopharm/Beijing, Sputnik V",https://koronavirus.gov.hu/cikkek/1-millio-870-ezer-beoltottak-szama-10-167-az-uj-fertozott-es-elhunyt-253-beteg,2537934.0,1870631.0,667303.0
2021-03-27,Hungary,"Moderna, Oxford/AstraZeneca, Pfizer/BioNTech, Sinopharm/Beijing, Sputnik V",https://koronavirus.gov.hu/cikkek/1-millio-903-ezer-beoltottak-szama-9082-az-uj-fertozott-es-elhunyt-220-beteg,2589469.0,1903498.0,685971.0
2021-03-28,Hungary,"Moderna, Oxford/AstraZeneca, Pfizer/BioNTech, Sinopharm/Beijing, Sputnik V",https://koronavirus.gov.hu/cikkek/1-millio-920-ezer-beoltottak-szama-7263-az-uj-fertozott-es-elhunyt-189-beteg,2609739.0,1920347.0,689392.0
2021-03-30,Hungary,"Moderna, Oxford/AstraZeneca, Pfizer/BioNTech, Sinopharm/Beijing, Sputnik V",https://koronavirus.gov.hu/cikkek/2-millio-11-ezer-beoltott-6700-az-uj-fertozott-elhunyt-302-beteg,2764216.0,2011029.0,753187.0
2021-03-31,Hungary,"Moderna, Oxford/AstraZeneca, Pfizer/BioNTech, Sinopharm/Beijing, Sputnik V",https://koronavirus.gov.hu/cikkek/2-millio-65-ezer-beoltott-9288-az-uj-fertozott-elhunyt-258-beteg,2853155.0,2065948.0,787207.0
2021-04-01,Hungary,"Moderna, Oxford/AstraZeneca, Pfizer/BioNTech, Sinopharm/Beijing, Sputnik V",https://koronavirus.gov.hu/cikkek/2-millio-156-ezer-beoltott-9055-az-uj-fertozott-elhunyt-267-beteg,3019875.0,2156680.0,863195.0
2021-04-02,Hungary,"Moderna, Oxford/AstraZeneca, Pfizer/BioNTech, Sinopharm/Beijing, Sputnik V",https://koronavirus.gov.hu/cikkek/2-millio-236-ezer-beoltott-8637-az-uj-fertozott-elhunyt-242-beteg,3126733.0,2235731.0,891002.0
2021-04-03,Hungary,"Moderna, Oxford/AstraZeneca, Pfizer/BioNTech, Sinopharm/Beijing, Sputnik V",https://koronavirus.gov.hu/cikkek/2-millio-312-ezer-beoltott-6566-az-uj-fertozott-elhunyt-211-beteg,3217618.0,2312501.0,905117.0
2021-04-04,Hungary,"Moderna, Oxford/AstraZeneca, Pfizer/BioNTech, Sinopharm/Beijing, Sputnik V",https://koronavirus.gov.hu/cikkek/2-millio-363-ezer-beoltott-3874-az-uj-fertozott-elhunyt-213-beteg,3275851.0,2362839.0,913012.0
2021-04-05,Hungary,"Moderna, Oxford/AstraZeneca, Pfizer/BioNTech, Sinopharm/Beijing, Sputnik V",https://koronavirus.gov.hu/cikkek/2-millio-432-ezer-beoltott-1890-az-uj-fertozott-elhunyt-170-beteg,3355199.0,2432313.0,922886.0
2021-04-06,Hungary,"Moderna, Oxford/AstraZeneca, Pfizer/BioNTech, Sinopharm/Beijing, Sputnik V",https://koronavirus.gov.hu/cikkek/2-millio-537-ezer-beoltott-1933-az-uj-fertozott-elhunyt-311-beteg,3542687.0,2536751.0,1005936.0
2021-04-07,Hungary,"Moderna, Oxford/AstraZeneca, Pfizer/BioNTech, Sinopharm/Beijing, Sputnik V",https://koronavirus.gov.hu/cikkek/2-millio-608-ezer-beoltott-4814-az-uj-fertozott-elhunyt-272-beteg,3686031.0,2608084.0,1077947.0
2021-04-08,Hungary,"Moderna, Oxford/AstraZeneca, Pfizer/BioNTech, Sinopharm/Beijing, Sputnik V",https://koronavirus.gov.hu/cikkek/2-millio-689-ezer-beoltott-7325-az-uj-fertozott-elhunyt-285-beteg,3815241.0,2689102.0,1126139.0
2021-04-09,Hungary,"Moderna, Oxford/AstraZeneca, Pfizer/BioNTech, Sinopharm/Beijing, Sputnik V",https://koronavirus.gov.hu/cikkek/2-millio-760-ezer-beoltott-8053-az-uj-fertozott-elhunyt-245-beteg,3932413.0,2760938.0,1171475.0
2021-04-10,Hungary,"Moderna, Oxford/AstraZeneca, Pfizer/BioNTech, Sinopharm/Beijing, Sputnik V",https://koronavirus.gov.hu/cikkek/2-millio-836-ezer-beoltott-6296-az-uj-fertozott-elhunyt-206-beteg,4033579.0,2835894.0,1197685.0
2021-04-11,Hungary,"Moderna, Oxford/AstraZeneca, Pfizer/BioNTech, Sinopharm/Beijing, Sputnik V",https://koronavirus.gov.hu/cikkek/2-millio-900-ezer-beoltott-5077-az-uj-fertozott-elhunyt-291-beteg,4117641.0,2900383.0,1217258.0
2021-04-12,Hungary,"Moderna, Oxford/AstraZeneca, Pfizer/BioNTech, Sinopharm/Beijing, Sputnik V",https://koronavirus.gov.hu/cikkek/2-millio-970-ezer-beoltott-2837-az-uj-fertozott-elhunyt-272-beteg,4220229.0,2969647.0,1250582.0
2021-04-13,Hungary,"Moderna, Oxford/AstraZeneca, Pfizer/BioNTech, Sinopharm/Beijing, Sputnik V",https://koronavirus.gov.hu/cikkek/3-millio-37-ezer-beoltott-3597-az-uj-fertozott-elhunyt-285-beteg,4327732.0,3037023.0,1290709.0
2021-04-14,Hungary,"Moderna, Oxford/AstraZeneca, Pfizer/BioNTech, Sinopharm/Beijing, Sputnik V",https://koronavirus.gov.hu/cikkek/3-millio-90-ezer-beoltott-5307-az-uj-fertozott-elhunyt-256-beteg,4416581.0,3090994.0,1325587.0
2021-04-17,Hungary,"Moderna, Oxford/AstraZeneca, Pfizer/BioNTech, Sinopharm/Beijing, Sputnik V",https://koronavirus.gov.hu/cikkek/3-millio-252-ezer-beoltott-3706-az-uj-fertozott-elhunyt-205-beteg,4638477.0,3252579.0,1385898.0
2021-04-18,Hungary,"Moderna, Oxford/AstraZeneca, Pfizer/BioNTech, Sinopharm/Beijing, Sputnik V",https://koronavirus.gov.hu/cikkek/3-millio-266-ezer-beoltott-2680-az-uj-fertozott-elhunyt-197-beteg,4657806.0,3266425.0,1391381.0
2021-04-19,Hungary,"Moderna, Oxford/AstraZeneca, Pfizer/BioNTech, Sinopharm/Beijing, Sputnik V",https://koronavirus.gov.hu/cikkek/3-millio-317-ezer-beoltott-1645-az-uj-fertozott-elhunyt-199-beteg,4717755.0,3317052.0,1400703.0
2021-04-20,Hungary,"Moderna, Oxford/AstraZeneca, Pfizer/BioNTech, Sinopharm/Beijing, Sputnik V",https://koronavirus.gov.hu/cikkek/3-millio-363-ezer-beoltott-2527-az-uj-fertozott-elhunyt-207-beteg,4788720.0,3363596.0,1425124.0
2021-04-21,Hungary,"Moderna, Oxford/AstraZeneca, Pfizer/BioNTech, Sinopharm/Beijing, Sputnik V",https://koronavirus.gov.hu/cikkek/3-millio-419-ezer-beoltott-3607-az-uj-fertozott-elhunyt-214-beteg,4872750.0,3419450.0,1453300.0
2021-04-22,Hungary,"Moderna, Oxford/AstraZeneca, Pfizer/BioNTech, Sinopharm/Beijing, Sputnik V",https://koronavirus.gov.hu/cikkek/3-millio-509-ezer-beoltott-3427-az-uj-fertozott-elhunyt-207-beteg,4999342.0,3508846.0,1490478.0
2021-04-23,Hungary,"Moderna, Oxford/AstraZeneca, Pfizer/BioNTech, Sinopharm/Beijing, Sputnik V",https://koronavirus.gov.hu/cikkek/3-millio-577-ezer-beoltott-2796-az-uj-fertozott-elhunyt-212-beteg,5129390.0,3576705.0,1552685.0
2021-04-25,Hungary,"Moderna, Oxford/AstraZeneca, Pfizer/BioNTech, Sinopharm/Beijing, Sputnik V",https://koronavirus.gov.hu/cikkek/3-millio-604-ezer-beoltott-1936-az-uj-fertozott-elhunyt-176-beteg,5268968.0,3603901.0,1665067.0
2021-04-26,Hungary,"Moderna, Oxford/AstraZeneca, Pfizer/BioNTech, Sinopharm/Beijing, Sputnik V",https://koronavirus.gov.hu/cikkek/3-millio-680-ezer-beoltott-1253-az-uj-fertozott-elhunyt-183-beteg,5391453.0,3679730.0,1711723.0
2021-04-27,Hungary,"Moderna, Oxford/AstraZeneca, Pfizer/BioNTech, Sinopharm/Beijing, Sputnik V",https://koronavirus.gov.hu/cikkek/3-millio-774-ezer-beoltott-1692-az-uj-fertozott-elhunyt-188-beteg,5548121.0,3774221.0,1773900.0
2021-04-28,Hungary,"Moderna, Oxford/AstraZeneca, Pfizer/BioNTech, Sinopharm/Beijing, Sputnik V",https://koronavirus.gov.hu/cikkek/3-millio-870-ezer-beoltott-2584-az-uj-fertozott-elhunyt-186-beteg,5692877.0,3870222.0,1822655.0
2021-04-29,Hungary,"Moderna, Oxford/AstraZeneca, Pfizer/BioNTech, Sinopharm/Beijing, Sputnik V",https://koronavirus.gov.hu/cikkek/3-millio-913-ezer-beoltott-2365-az-uj-fertozott-elhunyt-182-beteg,5794447.0,3913550.0,1880897.0
2021-04-30,Hungary,"Moderna, Oxford/AstraZeneca, Pfizer/BioNTech, Sinopharm/Beijing, Sputnik V",https://koronavirus.gov.hu/cikkek/4-millio-23-ezer-beoltott-1951-az-uj-fertozott-elhunyt-161-beteg,5971865.0,4023137.0,1948728.0
2021-05-01,Hungary,"Moderna, Oxford/AstraZeneca, Pfizer/BioNTech, Sinopharm/Beijing, Sputnik V",https://koronavirus.gov.hu/cikkek/4-millio-64-ezer-beoltott-1593-az-uj-fertozott-elhunyt-101-beteg,6080554.0,4064204.0,2016350.0
2021-05-02,Hungary,"Moderna, Oxford/AstraZeneca, Pfizer/BioNTech, Sinopharm/Beijing, Sputnik V",https://koronavirus.gov.hu/cikkek/4-millio-73-ezer-beoltott-1219-az-uj-fertozott-elhunyt-106-beteg,6150309.0,4073149.0,2077160.0
2021-05-03,Hungary,"Moderna, Oxford/AstraZeneca, Pfizer/BioNTech, Sinopharm/Beijing, Sputnik V",https://koronavirus.gov.hu/cikkek/4-millio-99-ezer-beoltott-726-az-uj-fertozott-elhunyt-137-beteg,6257132.0,4099495.0,2157637.0
2021-05-04,Hungary,"Moderna, Oxford/AstraZeneca, Pfizer/BioNTech, Sinopharm/Beijing, Sputnik V",https://koronavirus.gov.hu/cikkek/4-millio-123-ezer-beoltott-1130-az-uj-fertozott-elhunyt-128-beteg,6372472.0,4123697.0,2248775.0
2021-05-05,Hungary,"Moderna, Oxford/AstraZeneca, Pfizer/BioNTech, Sinopharm/Beijing, Sputnik V",https://koronavirus.gov.hu/cikkek/4-millio-153-ezer-beoltott-1680-az-uj-fertozott-elhunyt-124-beteg,6468466.0,4153038.0,2315428.0
2021-05-06,Hungary,"Moderna, Oxford/AstraZeneca, Pfizer/BioNTech, Sinopharm/Beijing, Sputnik V",https://koronavirus.gov.hu/cikkek/4-millio-204-ezer-beoltott-1541-az-uj-fertozott-elhunyt-106-beteg,6610557.0,4203873.0,2406684.0
2021-05-07,Hungary,"Moderna, Oxford/AstraZeneca, Pfizer/BioNTech, Sinopharm/Beijing, Sputnik V",https://koronavirus.gov.hu/cikkek/4-millio-262-ezer-beoltott-1376-az-uj-fertozott-elhunyt-101-beteg,6714425.0,4261822.0,2452603.0
2021-05-08,Hungary,"Moderna, Oxford/AstraZeneca, Pfizer/BioNTech, Sinopharm/Beijing, Sputnik V",https://koronavirus.gov.hu/cikkek/4-millio-289-ezer-beoltott-1145-az-uj-fertozott-elhunyt-98-beteg,6776759.0,4288641.0,2488118.0
2021-05-09,Hungary,"Moderna, Oxford/AstraZeneca, Pfizer/BioNTech, Sinopharm/Beijing, Sputnik V",https://koronavirus.gov.hu/cikkek/4-millio-306-ezer-beoltott-677-az-uj-fertozott-elhunyt-91-beteg,6809350.0,4305775.0,2503575.0
2021-05-10,Hungary,"Moderna, Oxford/AstraZeneca, Pfizer/BioNTech, Sinopharm/Beijing, Sputnik V",https://koronavirus.gov.hu/cikkek/4-millio-346-ezer-beoltott-493-az-uj-fertozott-elhunyt-99-beteg,6876236.0,4346089.0,2530147.0
2021-05-11,Hungary,"Moderna, Oxford/AstraZeneca, Pfizer/BioNTech, Sinopharm/Beijing, Sputnik V",https://koronavirus.gov.hu/cikkek/4-millio-392-ezer-beoltott-905-az-uj-fertozott-elhunyt-96-beteg,6990835.0,4391794.0,2599041.0
2021-05-12,Hungary,"Moderna, Oxford/AstraZeneca, Pfizer/BioNTech, Sinopharm/Beijing, Sputnik V",https://koronavirus.gov.hu/cikkek/4-millio-421-ezer-beoltott-1416-az-uj-fertozott-elhunyt-82-beteg,7005646.0,4420767.0,2584879.0
2021-05-11,Hungary,"Moderna, Oxford/AstraZeneca, Pfizer/BioNTech, Sinopharm/Beijing, Sputnik V",https://koronavirus.gov.hu/cikkek/4-millio-392-ezer-beoltott-905-az-uj-fertozott-elhunyt-96-beteg,6990835.0,4391794.0,2599041.0
2021-05-13,Hungary,"Moderna, Oxford/AstraZeneca, Pfizer/BioNTech, Sinopharm/Beijing, Sputnik V",https://koronavirus.gov.hu/cikkek/4-millio-483-ezer-beoltott-1190-az-uj-fertozott-elhunyt-71-beteg,7110455.0,4483598.0,2626857.0
2021-05-14,Hungary,,,7211350.0,4554679.0,2656671.0
2021-05-16,Hungary,,,7366464.0,4639299.0,2727165.0
2021-05-17,Hungary,,,7464227.0,4714992.0,2749235.0
