date,location,total_vaccinations,people_vaccinated,people_fully_vaccinated,total_boosters,vaccine,source_url
2020-12-28,Ireland,225.0,207.0,18.0,0.0,Pfizer/BioNTech,https://covid19ireland-geohive.hub.arcgis.com/
2020-12-29,Ireland,302.0,282.0,20.0,0.0,Pfizer/BioNTech,https://covid19ireland-geohive.hub.arcgis.com/
2020-12-30,Ireland,1360.0,1339.0,21.0,0.0,Pfizer/BioNTech,https://covid19ireland-geohive.hub.arcgis.com/
2020-12-31,Ireland,2392.0,2370.0,22.0,0.0,Pfizer/BioNTech,https://covid19ireland-geohive.hub.arcgis.com/
2021-01-01,Ireland,3200.0,3178.0,22.0,0.0,Pfizer/BioNTech,https://covid19ireland-geohive.hub.arcgis.com/
2021-01-02,Ireland,4215.0,4193.0,22.0,0.0,Pfizer/BioNTech,https://covid19ireland-geohive.hub.arcgis.com/
2021-01-03,Ireland,4238.0,4214.0,25.0,0.0,Pfizer/BioNTech,https://covid19ireland-geohive.hub.arcgis.com/
2021-01-04,Ireland,5427.0,5400.0,28.0,0.0,Pfizer/BioNTech,https://covid19ireland-geohive.hub.arcgis.com/
2021-01-05,Ireland,8964.0,8927.0,38.0,0.0,Pfizer/BioNTech,https://covid19ireland-geohive.hub.arcgis.com/
2021-01-06,Ireland,15745.0,15700.0,46.0,0.0,Pfizer/BioNTech,https://covid19ireland-geohive.hub.arcgis.com/
2021-01-07,Ireland,27474.0,27421.0,54.0,0.0,Pfizer/BioNTech,https://covid19ireland-geohive.hub.arcgis.com/
2021-01-08,Ireland,40155.0,40097.0,59.0,0.0,Pfizer/BioNTech,https://covid19ireland-geohive.hub.arcgis.com/
2021-01-09,Ireland,48233.0,48169.0,65.0,0.0,Pfizer/BioNTech,https://covid19ireland-geohive.hub.arcgis.com/
2021-01-10,Ireland,53015.0,52947.0,70.0,0.0,Pfizer/BioNTech,https://covid19ireland-geohive.hub.arcgis.com/
2021-01-11,Ireland,61360.0,61284.0,78.0,0.0,Pfizer/BioNTech,https://covid19ireland-geohive.hub.arcgis.com/
2021-01-12,Ireland,70247.0,70161.0,88.0,0.0,Pfizer/BioNTech,https://covid19ireland-geohive.hub.arcgis.com/
2021-01-13,Ireland,80130.0,80038.0,94.0,0.0,Pfizer/BioNTech,https://covid19ireland-geohive.hub.arcgis.com/
2021-01-14,Ireland,88211.0,88115.0,98.0,0.0,Pfizer/BioNTech,https://covid19ireland-geohive.hub.arcgis.com/
2021-01-15,Ireland,95899.0,95801.0,100.0,0.0,Pfizer/BioNTech,https://covid19ireland-geohive.hub.arcgis.com/
2021-01-16,Ireland,101130.0,101029.0,103.0,0.0,Pfizer/BioNTech,https://covid19ireland-geohive.hub.arcgis.com/
2021-01-17,Ireland,102244.0,102138.0,108.0,0.0,Pfizer/BioNTech,https://covid19ireland-geohive.hub.arcgis.com/
2021-01-18,Ireland,110961.0,110847.0,117.0,0.0,Pfizer/BioNTech,https://covid19ireland-geohive.hub.arcgis.com/
2021-01-19,Ireland,119354.0,119221.0,136.0,0.0,Pfizer/BioNTech,https://covid19ireland-geohive.hub.arcgis.com/
2021-01-20,Ireland,128756.0,127661.0,1098.0,0.0,Pfizer/BioNTech,https://covid19ireland-geohive.hub.arcgis.com/
2021-01-21,Ireland,138716.0,136659.0,2060.0,0.0,Pfizer/BioNTech,https://covid19ireland-geohive.hub.arcgis.com/
2021-01-22,Ireland,146452.0,143428.0,3027.0,0.0,Pfizer/BioNTech,https://covid19ireland-geohive.hub.arcgis.com/
2021-01-23,Ireland,151091.0,147607.0,3487.0,0.0,Pfizer/BioNTech,https://covid19ireland-geohive.hub.arcgis.com/
2021-01-24,Ireland,152668.0,148787.0,3884.0,0.0,Pfizer/BioNTech,https://covid19ireland-geohive.hub.arcgis.com/
2021-01-25,Ireland,155303.0,150137.0,5169.0,0.0,Pfizer/BioNTech,https://covid19ireland-geohive.hub.arcgis.com/
2021-01-26,Ireland,159803.0,151138.0,8668.0,0.0,Pfizer/BioNTech,https://covid19ireland-geohive.hub.arcgis.com/
2021-01-27,Ireland,168666.0,153302.0,15367.0,0.0,Pfizer/BioNTech,https://covid19ireland-geohive.hub.arcgis.com/
2021-01-28,Ireland,181199.0,154297.0,26905.0,0.0,Pfizer/BioNTech,https://covid19ireland-geohive.hub.arcgis.com/
2021-01-29,Ireland,194291.0,155863.0,38431.0,0.0,Pfizer/BioNTech,https://covid19ireland-geohive.hub.arcgis.com/
2021-01-30,Ireland,202710.0,156490.0,46223.0,0.0,Pfizer/BioNTech,https://covid19ireland-geohive.hub.arcgis.com/
2021-01-31,Ireland,207015.0,156709.0,50309.0,0.0,Pfizer/BioNTech,https://covid19ireland-geohive.hub.arcgis.com/
2021-02-01,Ireland,216364.0,157724.0,58643.0,0.0,Pfizer/BioNTech,https://covid19ireland-geohive.hub.arcgis.com/
2021-02-02,Ireland,222292.0,158546.0,63749.0,0.0,Pfizer/BioNTech,https://covid19ireland-geohive.hub.arcgis.com/
2021-02-03,Ireland,230546.0,159937.0,70612.0,0.0,Pfizer/BioNTech,https://covid19ireland-geohive.hub.arcgis.com/
2021-02-04,Ireland,242509.0,161359.0,81154.0,0.0,Pfizer/BioNTech,https://covid19ireland-geohive.hub.arcgis.com/
2021-02-05,Ireland,254504.0,164741.0,89767.0,0.0,"Moderna, Oxford/AstraZeneca, Pfizer/BioNTech",https://covid19ireland-geohive.hub.arcgis.com/
2021-02-06,Ireland,259260.0,165631.0,93633.0,0.0,"Moderna, Oxford/AstraZeneca, Pfizer/BioNTech",https://covid19ireland-geohive.hub.arcgis.com/
2021-02-07,Ireland,260886.0,165958.0,94934.0,0.0,"Moderna, Oxford/AstraZeneca, Pfizer/BioNTech",https://covid19ireland-geohive.hub.arcgis.com/
2021-02-08,Ireland,262927.0,167121.0,95812.0,0.0,"Moderna, Oxford/AstraZeneca, Pfizer/BioNTech",https://covid19ireland-geohive.hub.arcgis.com/
2021-02-09,Ireland,267717.0,171372.0,96353.0,0.0,"Moderna, Oxford/AstraZeneca, Pfizer/BioNTech",https://covid19ireland-geohive.hub.arcgis.com/
2021-02-10,Ireland,277116.0,180191.0,96933.0,0.0,"Moderna, Oxford/AstraZeneca, Pfizer/BioNTech",https://covid19ireland-geohive.hub.arcgis.com/
2021-02-11,Ireland,283738.0,186369.0,97377.0,0.0,"Moderna, Oxford/AstraZeneca, Pfizer/BioNTech",https://covid19ireland-geohive.hub.arcgis.com/
2021-02-12,Ireland,288649.0,190758.0,97899.0,0.0,"Moderna, Oxford/AstraZeneca, Pfizer/BioNTech",https://covid19ireland-geohive.hub.arcgis.com/
2021-02-13,Ireland,291768.0,191963.0,99813.0,0.0,"Moderna, Oxford/AstraZeneca, Pfizer/BioNTech",https://covid19ireland-geohive.hub.arcgis.com/
2021-02-14,Ireland,294487.0,194655.0,99840.0,0.0,"Moderna, Oxford/AstraZeneca, Pfizer/BioNTech",https://covid19ireland-geohive.hub.arcgis.com/
2021-02-15,Ireland,304330.0,196612.0,107726.0,0.0,"Moderna, Oxford/AstraZeneca, Pfizer/BioNTech",https://covid19ireland-geohive.hub.arcgis.com/
2021-02-16,Ireland,318131.0,202255.0,115884.0,0.0,"Moderna, Oxford/AstraZeneca, Pfizer/BioNTech",https://covid19ireland-geohive.hub.arcgis.com/
2021-02-17,Ireland,336329.0,211991.0,124346.0,0.0,"Moderna, Oxford/AstraZeneca, Pfizer/BioNTech",https://covid19ireland-geohive.hub.arcgis.com/
2021-02-18,Ireland,353131.0,220444.0,132696.0,0.0,"Moderna, Oxford/AstraZeneca, Pfizer/BioNTech",https://covid19ireland-geohive.hub.arcgis.com/
2021-02-19,Ireland,369097.0,229829.0,139277.0,0.0,"Moderna, Oxford/AstraZeneca, Pfizer/BioNTech",https://covid19ireland-geohive.hub.arcgis.com/
2021-02-20,Ireland,378550.0,235715.0,142846.0,0.0,"Moderna, Oxford/AstraZeneca, Pfizer/BioNTech",https://covid19ireland-geohive.hub.arcgis.com/
2021-02-21,Ireland,380685.0,236828.0,143873.0,0.0,"Moderna, Oxford/AstraZeneca, Pfizer/BioNTech",https://covid19ireland-geohive.hub.arcgis.com/
2021-02-22,Ireland,385744.0,240767.0,144994.0,0.0,"Moderna, Oxford/AstraZeneca, Pfizer/BioNTech",https://covid19ireland-geohive.hub.arcgis.com/
2021-02-23,Ireland,400160.0,254121.0,146056.0,0.0,"Moderna, Oxford/AstraZeneca, Pfizer/BioNTech",https://covid19ireland-geohive.hub.arcgis.com/
2021-02-24,Ireland,419200.0,271060.0,148160.0,0.0,"Moderna, Oxford/AstraZeneca, Pfizer/BioNTech",https://covid19ireland-geohive.hub.arcgis.com/
2021-02-25,Ireland,439039.0,289145.0,149916.0,0.0,"Moderna, Oxford/AstraZeneca, Pfizer/BioNTech",https://covid19ireland-geohive.hub.arcgis.com/
2021-02-26,Ireland,457880.0,305220.0,152682.0,0.0,"Moderna, Oxford/AstraZeneca, Pfizer/BioNTech",https://covid19ireland-geohive.hub.arcgis.com/
2021-02-27,Ireland,467570.0,314207.0,153386.0,0.0,"Moderna, Oxford/AstraZeneca, Pfizer/BioNTech",https://covid19ireland-geohive.hub.arcgis.com/
2021-02-28,Ireland,470069.0,316650.0,153444.0,0.0,"Moderna, Oxford/AstraZeneca, Pfizer/BioNTech",https://covid19ireland-geohive.hub.arcgis.com/
2021-03-01,Ireland,476441.0,322235.0,154231.0,0.0,"Moderna, Oxford/AstraZeneca, Pfizer/BioNTech",https://covid19ireland-geohive.hub.arcgis.com/
2021-03-02,Ireland,490219.0,334407.0,155837.0,0.0,"Moderna, Oxford/AstraZeneca, Pfizer/BioNTech",https://covid19ireland-geohive.hub.arcgis.com/
2021-03-03,Ireland,504605.0,347291.0,157340.0,0.0,"Moderna, Oxford/AstraZeneca, Pfizer/BioNTech",https://covid19ireland-geohive.hub.arcgis.com/
2021-03-04,Ireland,525028.0,366028.0,159029.0,0.0,"Moderna, Oxford/AstraZeneca, Pfizer/BioNTech",https://covid19ireland-geohive.hub.arcgis.com/
2021-03-05,Ireland,545863.0,384471.0,161427.0,0.0,"Moderna, Oxford/AstraZeneca, Pfizer/BioNTech",https://covid19ireland-geohive.hub.arcgis.com/
2021-03-06,Ireland,556396.0,394867.0,161568.0,0.0,"Moderna, Oxford/AstraZeneca, Pfizer/BioNTech",https://covid19ireland-geohive.hub.arcgis.com/
2021-03-07,Ireland,557927.0,396388.0,161581.0,0.0,"Moderna, Oxford/AstraZeneca, Pfizer/BioNTech",https://covid19ireland-geohive.hub.arcgis.com/
2021-03-08,Ireland,566089.0,403057.0,163079.0,0.0,"Moderna, Oxford/AstraZeneca, Pfizer/BioNTech",https://covid19ireland-geohive.hub.arcgis.com/
2021-03-09,Ireland,583007.0,416875.0,166184.0,0.0,"Moderna, Oxford/AstraZeneca, Pfizer/BioNTech",https://covid19ireland-geohive.hub.arcgis.com/
2021-03-10,Ireland,600719.0,430603.0,170171.0,0.0,"Moderna, Oxford/AstraZeneca, Pfizer/BioNTech",https://covid19ireland-geohive.hub.arcgis.com/
2021-03-11,Ireland,621284.0,449074.0,172268.0,0.0,"Moderna, Oxford/AstraZeneca, Pfizer/BioNTech",https://covid19ireland-geohive.hub.arcgis.com/
2021-03-12,Ireland,639946.0,466401.0,173607.0,0.0,"Moderna, Oxford/AstraZeneca, Pfizer/BioNTech",https://covid19ireland-geohive.hub.arcgis.com/
2021-03-13,Ireland,648417.0,474700.0,173779.0,0.0,"Moderna, Oxford/AstraZeneca, Pfizer/BioNTech",https://covid19ireland-geohive.hub.arcgis.com/
2021-03-14,Ireland,648816.0,475081.0,173799.0,0.0,"Moderna, Oxford/AstraZeneca, Pfizer/BioNTech",https://covid19ireland-geohive.hub.arcgis.com/
2021-03-15,Ireland,652458.0,477732.0,174790.0,0.0,"Moderna, Oxford/AstraZeneca, Pfizer/BioNTech",https://covid19ireland-geohive.hub.arcgis.com/
2021-03-16,Ireland,665205.0,486662.0,178609.0,0.0,"Moderna, Oxford/AstraZeneca, Pfizer/BioNTech",https://covid19ireland-geohive.hub.arcgis.com/
2021-03-17,Ireland,672522.0,491562.0,181032.0,0.0,"Moderna, Oxford/AstraZeneca, Pfizer/BioNTech",https://covid19ireland-geohive.hub.arcgis.com/
2021-03-18,Ireland,688925.0,503288.0,185714.0,0.0,"Moderna, Oxford/AstraZeneca, Pfizer/BioNTech",https://covid19ireland-geohive.hub.arcgis.com/
2021-03-19,Ireland,705414.0,513653.0,191840.0,0.0,"Moderna, Oxford/AstraZeneca, Pfizer/BioNTech",https://covid19ireland-geohive.hub.arcgis.com/
2021-03-20,Ireland,713767.0,518890.0,194959.0,0.0,"Moderna, Oxford/AstraZeneca, Pfizer/BioNTech",https://covid19ireland-geohive.hub.arcgis.com/
2021-03-21,Ireland,717455.0,522525.0,195015.0,0.0,"Moderna, Oxford/AstraZeneca, Pfizer/BioNTech",https://covid19ireland-geohive.hub.arcgis.com/
2021-03-22,Ireland,727258.0,529930.0,197414.0,0.0,"Moderna, Oxford/AstraZeneca, Pfizer/BioNTech",https://covid19ireland-geohive.hub.arcgis.com/
2021-03-23,Ireland,747196.0,542491.0,204794.0,0.0,"Moderna, Oxford/AstraZeneca, Pfizer/BioNTech",https://covid19ireland-geohive.hub.arcgis.com/
2021-03-24,Ireland,770601.0,556116.0,214576.0,0.0,"Moderna, Oxford/AstraZeneca, Pfizer/BioNTech",https://covid19ireland-geohive.hub.arcgis.com/
2021-03-25,Ireland,801679.0,576978.0,224795.0,0.0,"Moderna, Oxford/AstraZeneca, Pfizer/BioNTech",https://covid19ireland-geohive.hub.arcgis.com/
2021-03-26,Ireland,830866.0,596672.0,234289.0,0.0,"Moderna, Oxford/AstraZeneca, Pfizer/BioNTech",https://covid19ireland-geohive.hub.arcgis.com/
2021-03-27,Ireland,847947.0,608412.0,239633.0,0.0,"Moderna, Oxford/AstraZeneca, Pfizer/BioNTech",https://covid19ireland-geohive.hub.arcgis.com/
2021-03-29,Ireland,885273.0,633482.0,251896.0,0.0,"Moderna, Oxford/AstraZeneca, Pfizer/BioNTech",https://covid19ireland-geohive.hub.arcgis.com/
2021-03-30,Ireland,911601.0,649310.0,262400.0,0.0,"Moderna, Oxford/AstraZeneca, Pfizer/BioNTech",https://covid19ireland-geohive.hub.arcgis.com/
2021-03-31,Ireland,942869.0,669001.0,273985.0,0.0,"Moderna, Oxford/AstraZeneca, Pfizer/BioNTech",https://covid19ireland-geohive.hub.arcgis.com/
2021-04-01,Ireland,976717.0,689134.0,287707.0,0.0,"Moderna, Oxford/AstraZeneca, Pfizer/BioNTech",https://covid19ireland-geohive.hub.arcgis.com/
2021-04-02,Ireland,988902.0,696680.0,292351.0,0.0,"Moderna, Oxford/AstraZeneca, Pfizer/BioNTech",https://covid19ireland-geohive.hub.arcgis.com/
2021-04-03,Ireland,992098.0,699708.0,292522.0,0.0,"Moderna, Oxford/AstraZeneca, Pfizer/BioNTech",https://covid19ireland-geohive.hub.arcgis.com/
2021-04-04,Ireland,996129.0,703133.0,293132.0,0.0,"Moderna, Oxford/AstraZeneca, Pfizer/BioNTech",https://covid19ireland-geohive.hub.arcgis.com/
2021-04-05,Ireland,1016277.0,715124.0,301300.0,0.0,"Moderna, Oxford/AstraZeneca, Pfizer/BioNTech",https://covid19ireland-geohive.hub.arcgis.com/
2021-04-06,Ireland,1045096.0,733480.0,311773.0,0.0,"Moderna, Oxford/AstraZeneca, Pfizer/BioNTech",https://covid19ireland-geohive.hub.arcgis.com/
2021-04-07,Ireland,1075852.0,753667.0,322356.0,0.0,"Moderna, Oxford/AstraZeneca, Pfizer/BioNTech",https://covid19ireland-geohive.hub.arcgis.com/
2021-04-08,Ireland,1105706.0,774363.0,331530.0,0.0,"Moderna, Oxford/AstraZeneca, Pfizer/BioNTech",https://covid19ireland-geohive.hub.arcgis.com/
2021-04-09,Ireland,1121042.0,785535.0,335706.0,0.0,"Moderna, Oxford/AstraZeneca, Pfizer/BioNTech",https://covid19ireland-geohive.hub.arcgis.com/
2021-04-10,Ireland,1124263.0,788398.0,336071.0,0.0,"Moderna, Oxford/AstraZeneca, Pfizer/BioNTech",https://covid19ireland-geohive.hub.arcgis.com/
2021-04-11,Ireland,1134833.0,796178.0,338874.0,0.0,"Moderna, Oxford/AstraZeneca, Pfizer/BioNTech",https://covid19ireland-geohive.hub.arcgis.com/
2021-04-12,Ireland,1154916.0,807674.0,347462.0,0.0,"Moderna, Oxford/AstraZeneca, Pfizer/BioNTech",https://covid19ireland-geohive.hub.arcgis.com/
2021-04-13,Ireland,1181851.0,828019.0,354054.0,0.0,"Moderna, Oxford/AstraZeneca, Pfizer/BioNTech",https://covid19ireland-geohive.hub.arcgis.com/
2021-04-14,Ireland,1219756.0,855131.0,364848.0,0.0,"Moderna, Oxford/AstraZeneca, Pfizer/BioNTech",https://covid19ireland-geohive.hub.arcgis.com/
2021-04-15,Ireland,1257549.0,883100.0,374673.0,0.0,"Moderna, Oxford/AstraZeneca, Pfizer/BioNTech",https://covid19ireland-geohive.hub.arcgis.com/
2021-04-16,Ireland,1277940.0,898942.0,379224.0,0.0,"Moderna, Oxford/AstraZeneca, Pfizer/BioNTech",https://covid19ireland-geohive.hub.arcgis.com/
2021-04-17,Ireland,1279485.0,900006.0,379705.0,0.0,"Moderna, Oxford/AstraZeneca, Pfizer/BioNTech",https://covid19ireland-geohive.hub.arcgis.com/
2021-04-18,Ireland,1288467.0,906740.0,381953.0,0.0,"Moderna, Oxford/AstraZeneca, Pfizer/BioNTech",https://covid19ireland-geohive.hub.arcgis.com/
2021-04-19,Ireland,1310858.0,921820.0,389265.0,0.0,"Moderna, Oxford/AstraZeneca, Pfizer/BioNTech",https://covid19ireland-geohive.hub.arcgis.com/
2021-04-20,Ireland,1347440.0,948532.0,399139.0,0.0,"Moderna, Oxford/AstraZeneca, Pfizer/BioNTech",https://covid19ireland-geohive.hub.arcgis.com/
2021-04-21,Ireland,1391235.0,980147.0,411320.0,0.0,"Moderna, Oxford/AstraZeneca, Pfizer/BioNTech",https://covid19ireland-geohive.hub.arcgis.com/
2021-04-22,Ireland,1437203.0,1013766.0,423672.0,0.0,"Moderna, Oxford/AstraZeneca, Pfizer/BioNTech",https://covid19ireland-geohive.hub.arcgis.com/
2021-04-23,Ireland,1467884.0,1037462.0,430659.0,0.0,"Moderna, Oxford/AstraZeneca, Pfizer/BioNTech",https://covid19ireland-geohive.hub.arcgis.com/
2021-04-24,Ireland,1477926.0,1047206.0,430959.0,0.0,"Moderna, Oxford/AstraZeneca, Pfizer/BioNTech",https://covid19ireland-geohive.hub.arcgis.com/
2021-04-25,Ireland,1496535.0,1062773.0,434004.0,0.0,"Moderna, Oxford/AstraZeneca, Pfizer/BioNTech",https://covid19ireland-geohive.hub.arcgis.com/
2021-04-26,Ireland,1530256.0,1088690.0,441817.0,0.0,"Moderna, Oxford/AstraZeneca, Pfizer/BioNTech",https://covid19ireland-geohive.hub.arcgis.com/
2021-04-27,Ireland,1564866.0,1114716.0,450406.0,0.0,"Moderna, Oxford/AstraZeneca, Pfizer/BioNTech",https://covid19ireland-geohive.hub.arcgis.com/
2021-04-28,Ireland,1607888.0,1146408.0,461742.0,0.0,"Moderna, Oxford/AstraZeneca, Pfizer/BioNTech",https://covid19ireland-geohive.hub.arcgis.com/
2021-04-29,Ireland,1657527.0,1182529.0,475268.0,0.0,"Moderna, Oxford/AstraZeneca, Pfizer/BioNTech",https://covid19ireland-geohive.hub.arcgis.com/
2021-04-30,Ireland,1680788.0,1199108.0,481968.0,0.0,"Moderna, Oxford/AstraZeneca, Pfizer/BioNTech",https://covid19ireland-geohive.hub.arcgis.com/
2021-05-01,Ireland,1694146.0,1211558.0,482890.0,0.0,"Moderna, Oxford/AstraZeneca, Pfizer/BioNTech",https://covid19ireland-geohive.hub.arcgis.com/
2021-05-02,Ireland,1709329.0,1225827.0,483825.0,0.0,"Moderna, Oxford/AstraZeneca, Pfizer/BioNTech",https://covid19ireland-geohive.hub.arcgis.com/
2021-05-03,Ireland,1742761.0,1252479.0,490614.0,0.0,"Moderna, Oxford/AstraZeneca, Pfizer/BioNTech",https://covid19ireland-geohive.hub.arcgis.com/
2021-05-04,Ireland,1788369.0,1284636.0,504134.0,0.0,"Moderna, Oxford/AstraZeneca, Pfizer/BioNTech",https://covid19ireland-geohive.hub.arcgis.com/
2021-05-05,Ireland,1840135.0,1322030.0,518638.0,0.0,"Moderna, Oxford/AstraZeneca, Pfizer/BioNTech",https://covid19ireland-geohive.hub.arcgis.com/
2021-05-06,Ireland,1895879.0,1362710.0,533799.0,0.0,"Johnson&Johnson, Moderna, Oxford/AstraZeneca, Pfizer/BioNTech",https://covid19ireland-geohive.hub.arcgis.com/
2021-05-07,Ireland,1928527.0,1388324.0,540843.0,0.0,"Johnson&Johnson, Moderna, Oxford/AstraZeneca, Pfizer/BioNTech",https://covid19ireland-geohive.hub.arcgis.com/
2021-05-08,Ireland,1949115.0,1407991.0,541769.0,0.0,"Johnson&Johnson, Moderna, Oxford/AstraZeneca, Pfizer/BioNTech",https://covid19ireland-geohive.hub.arcgis.com/
2021-05-09,Ireland,1982737.0,1436981.0,546571.0,0.0,"Johnson&Johnson, Moderna, Oxford/AstraZeneca, Pfizer/BioNTech",https://covid19ireland-geohive.hub.arcgis.com/
2021-05-10,Ireland,2031608.0,1471046.0,561529.0,0.0,"Johnson&Johnson, Moderna, Oxford/AstraZeneca, Pfizer/BioNTech",https://covid19ireland-geohive.hub.arcgis.com/
2021-05-11,Ireland,2083978.0,1502491.0,582623.0,0.0,"Johnson&Johnson, Moderna, Oxford/AstraZeneca, Pfizer/BioNTech",https://covid19ireland-geohive.hub.arcgis.com/
2021-05-12,Ireland,2145589.0,1538629.0,608248.0,0.0,"Johnson&Johnson, Moderna, Oxford/AstraZeneca, Pfizer/BioNTech",https://covid19ireland-geohive.hub.arcgis.com/
2021-05-13,Ireland,2211975.0,1577067.0,636431.0,0.0,"Johnson&Johnson, Moderna, Oxford/AstraZeneca, Pfizer/BioNTech",https://covid19ireland-geohive.hub.arcgis.com/
2021-05-14,Ireland,2253280.0,1605930.0,648894.0,0.0,"Johnson&Johnson, Moderna, Oxford/AstraZeneca, Pfizer/BioNTech",https://covid19ireland-geohive.hub.arcgis.com/
2021-05-15,Ireland,2277617.0,1629101.0,650069.0,0.0,"Johnson&Johnson, Moderna, Oxford/AstraZeneca, Pfizer/BioNTech",https://covid19ireland-geohive.hub.arcgis.com/
2021-05-16,Ireland,2317041.0,1664590.0,654118.0,0.0,"Johnson&Johnson, Moderna, Oxford/AstraZeneca, Pfizer/BioNTech",https://covid19ireland-geohive.hub.arcgis.com/
2021-05-17,Ireland,2368678.0,1703745.0,666725.0,0.0,"Johnson&Johnson, Moderna, Oxford/AstraZeneca, Pfizer/BioNTech",https://covid19ireland-geohive.hub.arcgis.com/
2021-05-18,Ireland,2423480.0,1740961.0,684515.0,0.0,"Johnson&Johnson, Moderna, Oxford/AstraZeneca, Pfizer/BioNTech",https://covid19ireland-geohive.hub.arcgis.com/
2021-05-19,Ireland,2482317.0,1780159.0,704288.0,0.0,"Johnson&Johnson, Moderna, Oxford/AstraZeneca, Pfizer/BioNTech",https://covid19ireland-geohive.hub.arcgis.com/
2021-05-20,Ireland,2546313.0,1820912.0,742464.0,0.0,"Johnson&Johnson, Moderna, Oxford/AstraZeneca, Pfizer/BioNTech",https://covid19ireland-geohive.hub.arcgis.com/
2021-05-21,Ireland,2586657.0,1851012.0,766230.0,0.0,"Johnson&Johnson, Moderna, Oxford/AstraZeneca, Pfizer/BioNTech",https://covid19ireland-geohive.hub.arcgis.com/
2021-05-22,Ireland,2610587.0,1869422.0,781954.0,0.0,"Johnson&Johnson, Moderna, Oxford/AstraZeneca, Pfizer/BioNTech",https://covid19ireland-geohive.hub.arcgis.com/
2021-05-23,Ireland,2649766.0,1900396.0,798607.0,0.0,"Johnson&Johnson, Moderna, Oxford/AstraZeneca, Pfizer/BioNTech",https://covid19ireland-geohive.hub.arcgis.com/
2021-05-24,Ireland,2699776.0,1933926.0,818308.0,0.0,"Johnson&Johnson, Moderna, Oxford/AstraZeneca, Pfizer/BioNTech",https://covid19ireland-geohive.hub.arcgis.com/
2021-05-25,Ireland,2748156.0,1956923.0,846739.0,0.0,"Johnson&Johnson, Moderna, Oxford/AstraZeneca, Pfizer/BioNTech",https://covid19ireland-geohive.hub.arcgis.com/
2021-05-26,Ireland,2801705.0,1974459.0,883303.0,0.0,"Johnson&Johnson, Moderna, Oxford/AstraZeneca, Pfizer/BioNTech",https://covid19ireland-geohive.hub.arcgis.com/
2021-05-27,Ireland,2862084.0,2003026.0,916673.0,0.0,"Johnson&Johnson, Moderna, Oxford/AstraZeneca, Pfizer/BioNTech",https://covid19ireland-geohive.hub.arcgis.com/
2021-05-28,Ireland,2894451.0,2028013.0,924587.0,0.0,"Johnson&Johnson, Moderna, Oxford/AstraZeneca, Pfizer/BioNTech",https://covid19ireland-geohive.hub.arcgis.com/
2021-05-29,Ireland,2920557.0,2052447.0,926468.0,0.0,"Johnson&Johnson, Moderna, Oxford/AstraZeneca, Pfizer/BioNTech",https://covid19ireland-geohive.hub.arcgis.com/
2021-05-30,Ireland,2953870.0,2078442.0,937227.0,0.0,"Johnson&Johnson, Moderna, Oxford/AstraZeneca, Pfizer/BioNTech",https://covid19ireland-geohive.hub.arcgis.com/
2021-05-31,Ireland,2996527.0,2109595.0,952381.0,0.0,"Johnson&Johnson, Moderna, Oxford/AstraZeneca, Pfizer/BioNTech",https://covid19ireland-geohive.hub.arcgis.com/
2021-06-01,Ireland,3040074.0,2132263.0,977265.0,0.0,"Johnson&Johnson, Moderna, Oxford/AstraZeneca, Pfizer/BioNTech",https://covid19ireland-geohive.hub.arcgis.com/
2021-06-02,Ireland,3089394.0,2150887.0,1009936.0,0.0,"Johnson&Johnson, Moderna, Oxford/AstraZeneca, Pfizer/BioNTech",https://covid19ireland-geohive.hub.arcgis.com/
2021-06-03,Ireland,3141859.0,2180018.0,1033420.0,0.0,"Johnson&Johnson, Moderna, Oxford/AstraZeneca, Pfizer/BioNTech",https://covid19ireland-geohive.hub.arcgis.com/
2021-06-04,Ireland,3174307.0,2200985.0,1044934.0,0.0,"Johnson&Johnson, Moderna, Oxford/AstraZeneca, Pfizer/BioNTech",https://covid19ireland-geohive.hub.arcgis.com/
2021-06-05,Ireland,3198158.0,2220941.0,1048869.0,0.0,"Johnson&Johnson, Moderna, Oxford/AstraZeneca, Pfizer/BioNTech",https://covid19ireland-geohive.hub.arcgis.com/
2021-06-06,Ireland,3222546.0,2240761.0,1053478.0,0.0,"Johnson&Johnson, Moderna, Oxford/AstraZeneca, Pfizer/BioNTech",https://covid19ireland-geohive.hub.arcgis.com/
2021-06-07,Ireland,3267296.0,2267175.0,1071855.0,0.0,"Johnson&Johnson, Moderna, Oxford/AstraZeneca, Pfizer/BioNTech",https://covid19ireland-geohive.hub.arcgis.com/
2021-06-08,Ireland,3320322.0,2300106.0,1092122.0,0.0,"Johnson&Johnson, Moderna, Oxford/AstraZeneca, Pfizer/BioNTech",https://covid19ireland-geohive.hub.arcgis.com/
2021-06-09,Ireland,3375721.0,2328029.0,1119866.0,0.0,"Johnson&Johnson, Moderna, Oxford/AstraZeneca, Pfizer/BioNTech",https://covid19ireland-geohive.hub.arcgis.com/
2021-06-10,Ireland,3435049.0,2354471.0,1152792.0,0.0,"Johnson&Johnson, Moderna, Oxford/AstraZeneca, Pfizer/BioNTech",https://covid19ireland-geohive.hub.arcgis.com/
2021-06-11,Ireland,3467046.0,2366759.0,1172604.0,0.0,"Johnson&Johnson, Moderna, Oxford/AstraZeneca, Pfizer/BioNTech",https://covid19ireland-geohive.hub.arcgis.com/
2021-06-12,Ireland,3494564.0,2376118.0,1191593.0,0.0,"Johnson&Johnson, Moderna, Oxford/AstraZeneca, Pfizer/BioNTech",https://covid19ireland-geohive.hub.arcgis.com/
2021-06-13,Ireland,3541891.0,2392155.0,1222929.0,0.0,"Johnson&Johnson, Moderna, Oxford/AstraZeneca, Pfizer/BioNTech",https://covid19ireland-geohive.hub.arcgis.com/
2021-06-14,Ireland,3598324.0,2407022.0,1264696.0,0.0,"Johnson&Johnson, Moderna, Oxford/AstraZeneca, Pfizer/BioNTech",https://covid19ireland-geohive.hub.arcgis.com/
2021-06-15,Ireland,3660343.0,2420667.0,1313281.0,0.0,"Johnson&Johnson, Moderna, Oxford/AstraZeneca, Pfizer/BioNTech",https://covid19ireland-geohive.hub.arcgis.com/
2021-06-16,Ireland,3725079.0,2442742.0,1356476.0,0.0,"Johnson&Johnson, Moderna, Oxford/AstraZeneca, Pfizer/BioNTech",https://covid19ireland-geohive.hub.arcgis.com/
2021-06-17,Ireland,3787642.0,2455277.0,1407053.0,0.0,"Johnson&Johnson, Moderna, Oxford/AstraZeneca, Pfizer/BioNTech",https://covid19ireland-geohive.hub.arcgis.com/
2021-06-18,Ireland,3827145.0,2462000.0,1440264.0,0.0,"Johnson&Johnson, Moderna, Oxford/AstraZeneca, Pfizer/BioNTech",https://covid19ireland-geohive.hub.arcgis.com/
2021-06-19,Ireland,3861945.0,2470670.0,1466569.0,0.0,"Johnson&Johnson, Moderna, Oxford/AstraZeneca, Pfizer/BioNTech",https://covid19ireland-geohive.hub.arcgis.com/
2021-06-20,Ireland,3910270.0,2486681.0,1499452.0,0.0,"Johnson&Johnson, Moderna, Oxford/AstraZeneca, Pfizer/BioNTech",https://covid19ireland-geohive.hub.arcgis.com/
2021-06-21,Ireland,3969610.0,2502502.0,1543687.0,0.0,"Johnson&Johnson, Moderna, Oxford/AstraZeneca, Pfizer/BioNTech",https://covid19ireland-geohive.hub.arcgis.com/
2021-06-22,Ireland,4029919.0,2523441.0,1583935.0,0.0,"Johnson&Johnson, Moderna, Oxford/AstraZeneca, Pfizer/BioNTech",https://covid19ireland-geohive.hub.arcgis.com/
2021-06-23,Ireland,4094186.0,2543466.0,1629207.0,0.0,"Johnson&Johnson, Moderna, Oxford/AstraZeneca, Pfizer/BioNTech",https://covid19ireland-geohive.hub.arcgis.com/
2021-06-24,Ireland,4160304.0,2559477.0,1680150.0,0.0,"Johnson&Johnson, Moderna, Oxford/AstraZeneca, Pfizer/BioNTech",https://covid19ireland-geohive.hub.arcgis.com/
2021-06-25,Ireland,4200357.0,2568998.0,1711180.0,0.0,"Johnson&Johnson, Moderna, Oxford/AstraZeneca, Pfizer/BioNTech",https://covid19ireland-geohive.hub.arcgis.com/
2021-06-26,Ireland,4239578.0,2577762.0,1741692.0,0.0,"Johnson&Johnson, Moderna, Oxford/AstraZeneca, Pfizer/BioNTech",https://covid19ireland-geohive.hub.arcgis.com/
2021-06-27,Ireland,4288914.0,2602477.0,1766829.0,0.0,"Johnson&Johnson, Moderna, Oxford/AstraZeneca, Pfizer/BioNTech",https://covid19ireland-geohive.hub.arcgis.com/
2021-06-28,Ireland,4348838.0,2631403.0,1798633.0,0.0,"Johnson&Johnson, Moderna, Oxford/AstraZeneca, Pfizer/BioNTech",https://covid19ireland-geohive.hub.arcgis.com/
2021-06-29,Ireland,4408782.0,2654510.0,1836046.0,0.0,"Johnson&Johnson, Moderna, Oxford/AstraZeneca, Pfizer/BioNTech",https://covid19ireland-geohive.hub.arcgis.com/
2021-06-30,Ireland,4472671.0,2670104.0,1884974.0,0.0,"Johnson&Johnson, Moderna, Oxford/AstraZeneca, Pfizer/BioNTech",https://covid19ireland-geohive.hub.arcgis.com/
2021-07-01,Ireland,4534339.0,2684540.0,1933018.0,0.0,"Johnson&Johnson, Moderna, Oxford/AstraZeneca, Pfizer/BioNTech",https://covid19ireland-geohive.hub.arcgis.com/
2021-07-02,Ireland,4574583.0,2694331.0,1963974.0,0.0,"Johnson&Johnson, Moderna, Oxford/AstraZeneca, Pfizer/BioNTech",https://covid19ireland-geohive.hub.arcgis.com/
2021-07-03,Ireland,4609000.0,2700981.0,1991971.0,0.0,"Johnson&Johnson, Moderna, Oxford/AstraZeneca, Pfizer/BioNTech",https://covid19ireland-geohive.hub.arcgis.com/
2021-07-04,Ireland,4663303.0,2721872.0,2030717.0,0.0,"Johnson&Johnson, Moderna, Oxford/AstraZeneca, Pfizer/BioNTech",https://covid19ireland-geohive.hub.arcgis.com/
2021-07-05,Ireland,4729419.0,2739723.0,2084462.0,0.0,"Johnson&Johnson, Moderna, Oxford/AstraZeneca, Pfizer/BioNTech",https://covid19ireland-geohive.hub.arcgis.com/
2021-07-06,Ireland,4797866.0,2764440.0,2133244.0,0.0,"Johnson&Johnson, Moderna, Oxford/AstraZeneca, Pfizer/BioNTech",https://covid19ireland-geohive.hub.arcgis.com/
2021-07-07,Ireland,4867152.0,2788160.0,2184798.0,0.0,"Johnson&Johnson, Moderna, Oxford/AstraZeneca, Pfizer/BioNTech",https://covid19ireland-geohive.hub.arcgis.com/
2021-07-08,Ireland,4932243.0,2808174.0,2236399.0,0.0,"Johnson&Johnson, Moderna, Oxford/AstraZeneca, Pfizer/BioNTech",https://covid19ireland-geohive.hub.arcgis.com/
2021-07-09,Ireland,4969045.0,2821135.0,2264600.0,0.0,"Johnson&Johnson, Moderna, Oxford/AstraZeneca, Pfizer/BioNTech",https://covid19ireland-geohive.hub.arcgis.com/
2021-07-10,Ireland,5002500.0,2838495.0,2282845.0,0.0,"Johnson&Johnson, Moderna, Oxford/AstraZeneca, Pfizer/BioNTech",https://covid19ireland-geohive.hub.arcgis.com/
2021-07-11,Ireland,5057382.0,2861658.0,2320651.0,0.0,"Johnson&Johnson, Moderna, Oxford/AstraZeneca, Pfizer/BioNTech",https://covid19ireland-geohive.hub.arcgis.com/
2021-07-12,Ireland,5122460.0,2890207.0,2365660.0,0.0,"Johnson&Johnson, Moderna, Oxford/AstraZeneca, Pfizer/BioNTech",https://covid19ireland-geohive.hub.arcgis.com/
2021-07-13,Ireland,5188215.0,2920299.0,2410650.0,0.0,"Johnson&Johnson, Moderna, Oxford/AstraZeneca, Pfizer/BioNTech",https://covid19ireland-geohive.hub.arcgis.com/
2021-07-14,Ireland,5250170.0,2953455.0,2449019.0,0.0,"Johnson&Johnson, Moderna, Oxford/AstraZeneca, Pfizer/BioNTech",https://covid19ireland-geohive.hub.arcgis.com/
2021-07-15,Ireland,5310219.0,2986123.0,2485557.0,0.0,"Johnson&Johnson, Moderna, Oxford/AstraZeneca, Pfizer/BioNTech",https://covid19ireland-geohive.hub.arcgis.com/
2021-07-16,Ireland,5345758.0,3002263.0,2509628.0,0.0,"Johnson&Johnson, Moderna, Oxford/AstraZeneca, Pfizer/BioNTech",https://covid19ireland-geohive.hub.arcgis.com/
2021-07-17,Ireland,5380304.0,3021021.0,2527340.0,0.0,"Johnson&Johnson, Moderna, Oxford/AstraZeneca, Pfizer/BioNTech",https://covid19ireland-geohive.hub.arcgis.com/
2021-07-18,Ireland,5429777.0,3052107.0,2551966.0,0.0,"Johnson&Johnson, Moderna, Oxford/AstraZeneca, Pfizer/BioNTech",https://covid19ireland-geohive.hub.arcgis.com/
2021-07-19,Ireland,5486141.0,3090339.0,2577789.0,0.0,"Johnson&Johnson, Moderna, Oxford/AstraZeneca, Pfizer/BioNTech",https://covid19ireland-geohive.hub.arcgis.com/
2021-07-20,Ireland,5543136.0,3127533.0,2604471.0,0.0,"Johnson&Johnson, Moderna, Oxford/AstraZeneca, Pfizer/BioNTech",https://covid19ireland-geohive.hub.arcgis.com/
2021-07-21,Ireland,5599458.0,3167962.0,2627293.0,0.0,"Johnson&Johnson, Moderna, Oxford/AstraZeneca, Pfizer/BioNTech",https://covid19ireland-geohive.hub.arcgis.com/
2021-07-22,Ireland,5652906.0,3200626.0,2653685.0,0.0,"Johnson&Johnson, Moderna, Oxford/AstraZeneca, Pfizer/BioNTech",https://covid19ireland-geohive.hub.arcgis.com/
2021-07-23,Ireland,5685359.0,3218304.0,2670726.0,0.0,"Johnson&Johnson, Moderna, Oxford/AstraZeneca, Pfizer/BioNTech",https://covid19ireland-geohive.hub.arcgis.com/
2021-07-24,Ireland,5714714.0,3234039.0,2685385.0,0.0,"Johnson&Johnson, Moderna, Oxford/AstraZeneca, Pfizer/BioNTech",https://covid19ireland-geohive.hub.arcgis.com/
2021-07-25,Ireland,5760174.0,3261254.0,2707046.0,0.0,"Johnson&Johnson, Moderna, Oxford/AstraZeneca, Pfizer/BioNTech",https://covid19ireland-geohive.hub.arcgis.com/
2021-07-26,Ireland,5813155.0,3290386.0,2734559.0,0.0,"Johnson&Johnson, Moderna, Oxford/AstraZeneca, Pfizer/BioNTech",https://covid19ireland-geohive.hub.arcgis.com/
2021-07-27,Ireland,5865053.0,3317044.0,2763055.0,0.0,"Johnson&Johnson, Moderna, Oxford/AstraZeneca, Pfizer/BioNTech",https://covid19ireland-geohive.hub.arcgis.com/
2021-07-28,Ireland,5915050.0,3339225.0,2793824.0,0.0,"Johnson&Johnson, Moderna, Oxford/AstraZeneca, Pfizer/BioNTech",https://covid19ireland-geohive.hub.arcgis.com/
2021-07-29,Ireland,5961973.0,3363257.0,2818828.0,0.0,"Johnson&Johnson, Moderna, Oxford/AstraZeneca, Pfizer/BioNTech",https://covid19ireland-geohive.hub.arcgis.com/
2021-07-30,Ireland,5989033.0,3377880.0,2832171.0,0.0,"Johnson&Johnson, Moderna, Oxford/AstraZeneca, Pfizer/BioNTech",https://covid19ireland-geohive.hub.arcgis.com/
2021-07-31,Ireland,6009759.0,3389314.0,2841831.0,0.0,"Johnson&Johnson, Moderna, Oxford/AstraZeneca, Pfizer/BioNTech",https://covid19ireland-geohive.hub.arcgis.com/
2021-08-01,Ireland,6041134.0,3404731.0,2858213.0,0.0,"Johnson&Johnson, Moderna, Oxford/AstraZeneca, Pfizer/BioNTech",https://covid19ireland-geohive.hub.arcgis.com/
2021-08-02,Ireland,6084949.0,3423146.0,2884718.0,0.0,"Johnson&Johnson, Moderna, Oxford/AstraZeneca, Pfizer/BioNTech",https://covid19ireland-geohive.hub.arcgis.com/
2021-08-03,Ireland,6125840.0,3446791.0,2903535.0,0.0,"Johnson&Johnson, Moderna, Oxford/AstraZeneca, Pfizer/BioNTech",https://covid19ireland-geohive.hub.arcgis.com/
2021-08-04,Ireland,6170754.0,3461713.0,2934948.0,0.0,"Johnson&Johnson, Moderna, Oxford/AstraZeneca, Pfizer/BioNTech",https://covid19ireland-geohive.hub.arcgis.com/
2021-08-05,Ireland,6208577.0,3474827.0,2960603.0,0.0,"Johnson&Johnson, Moderna, Oxford/AstraZeneca, Pfizer/BioNTech",https://covid19ireland-geohive.hub.arcgis.com/
2021-08-06,Ireland,6223895.0,3481729.0,2969599.0,0.0,"Johnson&Johnson, Moderna, Oxford/AstraZeneca, Pfizer/BioNTech",https://covid19ireland-geohive.hub.arcgis.com/
2021-08-07,Ireland,6244591.0,3490486.0,2981691.0,0.0,"Johnson&Johnson, Moderna, Oxford/AstraZeneca, Pfizer/BioNTech",https://covid19ireland-geohive.hub.arcgis.com/
2021-08-08,Ireland,6273686.0,3496600.0,3005270.0,0.0,"Johnson&Johnson, Moderna, Oxford/AstraZeneca, Pfizer/BioNTech",https://covid19ireland-geohive.hub.arcgis.com/
2021-08-09,Ireland,6309661.0,3506631.0,3031924.0,0.0,"Johnson&Johnson, Moderna, Oxford/AstraZeneca, Pfizer/BioNTech",https://covid19ireland-geohive.hub.arcgis.com/
2021-08-10,Ireland,6348496.0,3514271.0,3063775.0,0.0,"Johnson&Johnson, Moderna, Oxford/AstraZeneca, Pfizer/BioNTech",https://covid19ireland-geohive.hub.arcgis.com/
2021-08-11,Ireland,6394332.0,3521865.0,3102875.0,0.0,"Johnson&Johnson, Moderna, Oxford/AstraZeneca, Pfizer/BioNTech",https://covid19ireland-geohive.hub.arcgis.com/
2021-08-12,Ireland,6434296.0,3533630.0,3131940.0,0.0,"Johnson&Johnson, Moderna, Oxford/AstraZeneca, Pfizer/BioNTech",https://covid19ireland-geohive.hub.arcgis.com/
2021-08-13,Ireland,6458501.0,3552020.0,3138032.0,0.0,"Johnson&Johnson, Moderna, Oxford/AstraZeneca, Pfizer/BioNTech",https://covid19ireland-geohive.hub.arcgis.com/
2021-08-14,Ireland,6479246.0,3569061.0,3141785.0,0.0,"Johnson&Johnson, Moderna, Oxford/AstraZeneca, Pfizer/BioNTech",https://covid19ireland-geohive.hub.arcgis.com/
2021-08-15,Ireland,6512889.0,3579608.0,3165264.0,0.0,"Johnson&Johnson, Moderna, Oxford/AstraZeneca, Pfizer/BioNTech",https://covid19ireland-geohive.hub.arcgis.com/
2021-08-16,Ireland,6553085.0,3592979.0,3192615.0,0.0,"Johnson&Johnson, Moderna, Oxford/AstraZeneca, Pfizer/BioNTech",https://covid19ireland-geohive.hub.arcgis.com/
2021-08-17,Ireland,6594691.0,3608846.0,3219010.0,0.0,"Johnson&Johnson, Moderna, Oxford/AstraZeneca, Pfizer/BioNTech",https://covid19ireland-geohive.hub.arcgis.com/
2021-08-18,Ireland,6632237.0,3620731.0,3245211.0,0.0,"Johnson&Johnson, Moderna, Oxford/AstraZeneca, Pfizer/BioNTech",https://covid19ireland-geohive.hub.arcgis.com/
2021-08-19,Ireland,6669951.0,3636238.0,3268102.0,0.0,"Johnson&Johnson, Moderna, Oxford/AstraZeneca, Pfizer/BioNTech",https://covid19ireland-geohive.hub.arcgis.com/
2021-08-20,Ireland,6690002.0,3648341.0,3276293.0,0.0,"Johnson&Johnson, Moderna, Oxford/AstraZeneca, Pfizer/BioNTech",https://covid19ireland-geohive.hub.arcgis.com/
2021-08-21,Ireland,6710399.0,3656502.0,3288690.0,0.0,"Johnson&Johnson, Moderna, Oxford/AstraZeneca, Pfizer/BioNTech",https://covid19ireland-geohive.hub.arcgis.com/
2021-08-22,Ireland,6736874.0,3667639.0,3304316.0,0.0,"Johnson&Johnson, Moderna, Oxford/AstraZeneca, Pfizer/BioNTech",https://covid19ireland-geohive.hub.arcgis.com/
2021-08-23,Ireland,6769830.0,3677714.0,3327580.0,0.0,"Johnson&Johnson, Moderna, Oxford/AstraZeneca, Pfizer/BioNTech",https://covid19ireland-geohive.hub.arcgis.com/
2021-08-24,Ireland,6799025.0,3687429.0,3347372.0,0.0,"Johnson&Johnson, Moderna, Oxford/AstraZeneca, Pfizer/BioNTech",https://covid19ireland-geohive.hub.arcgis.com/
2021-08-25,Ireland,6827344.0,3696356.0,3367129.0,0.0,"Johnson&Johnson, Moderna, Oxford/AstraZeneca, Pfizer/BioNTech",https://covid19ireland-geohive.hub.arcgis.com/
2021-08-26,Ireland,6856649.0,3706490.0,3386730.0,0.0,"Johnson&Johnson, Moderna, Oxford/AstraZeneca, Pfizer/BioNTech",https://covid19ireland-geohive.hub.arcgis.com/
2021-08-27,Ireland,6874603.0,3716555.0,3394772.0,0.0,"Johnson&Johnson, Moderna, Oxford/AstraZeneca, Pfizer/BioNTech",https://covid19ireland-geohive.hub.arcgis.com/
2021-08-28,Ireland,6892595.0,3725374.0,3403973.0,0.0,"Johnson&Johnson, Moderna, Oxford/AstraZeneca, Pfizer/BioNTech",https://covid19ireland-geohive.hub.arcgis.com/
2021-08-29,Ireland,6908811.0,3730498.0,3415147.0,0.0,"Johnson&Johnson, Moderna, Oxford/AstraZeneca, Pfizer/BioNTech",https://covid19ireland-geohive.hub.arcgis.com/
2021-08-30,Ireland,6925858.0,3734691.0,3428143.0,0.0,"Johnson&Johnson, Moderna, Oxford/AstraZeneca, Pfizer/BioNTech",https://covid19ireland-geohive.hub.arcgis.com/
2021-08-31,Ireland,6943474.0,3739806.0,3440824.0,0.0,"Johnson&Johnson, Moderna, Oxford/AstraZeneca, Pfizer/BioNTech",https://covid19ireland-geohive.hub.arcgis.com/
2021-09-01,Ireland,6961054.0,3745055.0,3453402.0,0.0,"Johnson&Johnson, Moderna, Oxford/AstraZeneca, Pfizer/BioNTech",https://covid19ireland-geohive.hub.arcgis.com/
2021-09-02,Ireland,6982016.0,3749982.0,3469602.0,0.0,"Johnson&Johnson, Moderna, Oxford/AstraZeneca, Pfizer/BioNTech",https://covid19ireland-geohive.hub.arcgis.com/
2021-09-03,Ireland,6997327.0,3754736.0,3480292.0,0.0,"Johnson&Johnson, Moderna, Oxford/AstraZeneca, Pfizer/BioNTech",https://covid19ireland-geohive.hub.arcgis.com/
2021-09-04,Ireland,7014520.0,3760041.0,3492181.0,0.0,"Johnson&Johnson, Moderna, Oxford/AstraZeneca, Pfizer/BioNTech",https://covid19ireland-geohive.hub.arcgis.com/
2021-09-05,Ireland,7026394.0,3762260.0,3501910.0,0.0,"Johnson&Johnson, Moderna, Oxford/AstraZeneca, Pfizer/BioNTech",https://covid19ireland-geohive.hub.arcgis.com/
2021-09-06,Ireland,7039557.0,3765434.0,3512055.0,0.0,"Johnson&Johnson, Moderna, Oxford/AstraZeneca, Pfizer/BioNTech",https://covid19ireland-geohive.hub.arcgis.com/
2021-09-07,Ireland,7057133.0,3768217.0,3527034.0,0.0,"Johnson&Johnson, Moderna, Oxford/AstraZeneca, Pfizer/BioNTech",https://covid19ireland-geohive.hub.arcgis.com/
2021-09-08,Ireland,7075161.0,3771464.0,3541952.0,0.0,"Johnson&Johnson, Moderna, Oxford/AstraZeneca, Pfizer/BioNTech",https://covid19ireland-geohive.hub.arcgis.com/
2021-09-09,Ireland,7092583.0,3774950.0,3556003.0,0.0,"Johnson&Johnson, Moderna, Oxford/AstraZeneca, Pfizer/BioNTech",https://covid19ireland-geohive.hub.arcgis.com/
2021-09-10,Ireland,7106507.0,3777563.0,3567376.0,0.0,"Johnson&Johnson, Moderna, Oxford/AstraZeneca, Pfizer/BioNTech",https://covid19ireland-geohive.hub.arcgis.com/
2021-09-11,Ireland,7121419.0,3779601.0,3580251.0,0.0,"Johnson&Johnson, Moderna, Oxford/AstraZeneca, Pfizer/BioNTech",https://covid19ireland-geohive.hub.arcgis.com/
2021-09-12,Ireland,7130787.0,3781255.0,3588016.0,0.0,"Johnson&Johnson, Moderna, Oxford/AstraZeneca, Pfizer/BioNTech",https://covid19ireland-geohive.hub.arcgis.com/
2021-09-13,Ireland,7143176.0,3782877.0,3598864.0,0.0,"Johnson&Johnson, Moderna, Oxford/AstraZeneca, Pfizer/BioNTech",https://covid19ireland-geohive.hub.arcgis.com/
2021-09-14,Ireland,7158962.0,3786284.0,3611380.0,0.0,"Johnson&Johnson, Moderna, Oxford/AstraZeneca, Pfizer/BioNTech",https://covid19ireland-geohive.hub.arcgis.com/
2021-09-15,Ireland,7171561.0,3788300.0,3622076.0,0.0,"Johnson&Johnson, Moderna, Oxford/AstraZeneca, Pfizer/BioNTech",https://covid19ireland-geohive.hub.arcgis.com/
2021-09-16,Ireland,7188811.0,3790946.0,3636772.0,0.0,"Johnson&Johnson, Moderna, Oxford/AstraZeneca, Pfizer/BioNTech",https://covid19ireland-geohive.hub.arcgis.com/
2021-09-17,Ireland,7202361.0,3793274.0,3648039.0,0.0,"Johnson&Johnson, Moderna, Oxford/AstraZeneca, Pfizer/BioNTech",https://covid19ireland-geohive.hub.arcgis.com/
2021-09-18,Ireland,7212720.0,3795147.0,3656540.0,0.0,"Johnson&Johnson, Moderna, Oxford/AstraZeneca, Pfizer/BioNTech",https://covid19ireland-geohive.hub.arcgis.com/
2021-09-19,Ireland,7219305.0,3796131.0,3662175.0,0.0,"Johnson&Johnson, Moderna, Oxford/AstraZeneca, Pfizer/BioNTech",https://covid19ireland-geohive.hub.arcgis.com/
2021-09-20,Ireland,7227512.0,3797682.0,3668921.0,0.0,"Johnson&Johnson, Moderna, Oxford/AstraZeneca, Pfizer/BioNTech",https://covid19ireland-geohive.hub.arcgis.com/
2021-09-21,Ireland,7237629.0,3799671.0,3677146.0,0.0,"Johnson&Johnson, Moderna, Oxford/AstraZeneca, Pfizer/BioNTech",https://covid19ireland-geohive.hub.arcgis.com/
2021-09-22,Ireland,7248155.0,3801452.0,3685980.0,0.0,"Johnson&Johnson, Moderna, Oxford/AstraZeneca, Pfizer/BioNTech",https://covid19ireland-geohive.hub.arcgis.com/
2021-09-23,Ireland,7257520.0,3803437.0,3693439.0,0.0,"Johnson&Johnson, Moderna, Oxford/AstraZeneca, Pfizer/BioNTech",https://covid19ireland-geohive.hub.arcgis.com/
2021-09-24,Ireland,7266567.0,3805900.0,3700074.0,0.0,"Johnson&Johnson, Moderna, Oxford/AstraZeneca, Pfizer/BioNTech",https://covid19ireland-geohive.hub.arcgis.com/
2021-09-25,Ireland,7275198.0,3807438.0,3707167.0,0.0,"Johnson&Johnson, Moderna, Oxford/AstraZeneca, Pfizer/BioNTech",https://covid19ireland-geohive.hub.arcgis.com/
2021-09-26,Ireland,7280514.0,3808656.0,3711006.0,304.0,"Johnson&Johnson, Moderna, Oxford/AstraZeneca, Pfizer/BioNTech",https://covid19ireland-geohive.hub.arcgis.com/
2021-09-27,Ireland,7287692.0,3810191.0,3716214.0,831.0,"Johnson&Johnson, Moderna, Oxford/AstraZeneca, Pfizer/BioNTech",https://covid19ireland-geohive.hub.arcgis.com/
2021-09-28,Ireland,7293704.0,3811919.0,3719898.0,1509.0,"Johnson&Johnson, Moderna, Oxford/AstraZeneca, Pfizer/BioNTech",https://covid19ireland-geohive.hub.arcgis.com/
2021-09-29,Ireland,7300749.0,3813275.0,3723923.0,3250.0,"Johnson&Johnson, Moderna, Oxford/AstraZeneca, Pfizer/BioNTech",https://covid19ireland-geohive.hub.arcgis.com/
2021-09-30,Ireland,7310541.0,3815153.0,3729122.0,6007.0,"Johnson&Johnson, Moderna, Oxford/AstraZeneca, Pfizer/BioNTech",https://covid19ireland-geohive.hub.arcgis.com/
2021-10-01,Ireland,7317623.0,3816900.0,3733241.0,7263.0,"Johnson&Johnson, Moderna, Oxford/AstraZeneca, Pfizer/BioNTech",https://covid19ireland-geohive.hub.arcgis.com/
2021-10-02,Ireland,7323037.0,3818103.0,3736261.0,8463.0,"Johnson&Johnson, Moderna, Oxford/AstraZeneca, Pfizer/BioNTech",https://covid19ireland-geohive.hub.arcgis.com/
2021-10-03,Ireland,7329466.0,3818458.0,3737502.0,13313.0,"Johnson&Johnson, Moderna, Oxford/AstraZeneca, Pfizer/BioNTech",https://covid19ireland-geohive.hub.arcgis.com/
2021-10-04,Ireland,7342079.0,3819490.0,3740385.0,22080.0,"Johnson&Johnson, Moderna, Oxford/AstraZeneca, Pfizer/BioNTech",https://covid19ireland-geohive.hub.arcgis.com/
2021-10-05,Ireland,7358042.0,3820499.0,3742975.0,34481.0,"Johnson&Johnson, Moderna, Oxford/AstraZeneca, Pfizer/BioNTech",https://covid19ireland-geohive.hub.arcgis.com/
2021-10-06,Ireland,7373985.0,3821751.0,3745704.0,46487.0,"Johnson&Johnson, Moderna, Oxford/AstraZeneca, Pfizer/BioNTech",https://covid19ireland-geohive.hub.arcgis.com/
2021-10-07,Ireland,7390176.0,3822772.0,3748522.0,58886.0,"Johnson&Johnson, Moderna, Oxford/AstraZeneca, Pfizer/BioNTech",https://covid19ireland-geohive.hub.arcgis.com/
2021-10-08,Ireland,7399864.0,3823525.0,3750914.0,65452.0,"Johnson&Johnson, Moderna, Oxford/AstraZeneca, Pfizer/BioNTech",https://covid19ireland-geohive.hub.arcgis.com/
2021-10-09,Ireland,7406587.0,3825027.0,3754826.0,66762.0,"Johnson&Johnson, Moderna, Oxford/AstraZeneca, Pfizer/BioNTech",https://covid19ireland-geohive.hub.arcgis.com/
2021-10-10,Ireland,7414726.0,3825374.0,3755951.0,73445.0,"Johnson&Johnson, Moderna, Oxford/AstraZeneca, Pfizer/BioNTech",https://covid19ireland-geohive.hub.arcgis.com/
2021-10-11,Ireland,7427543.0,3825954.0,3757570.0,84083.0,"Johnson&Johnson, Moderna, Oxford/AstraZeneca, Pfizer/BioNTech",https://covid19ireland-geohive.hub.arcgis.com/
2021-10-12,Ireland,7442619.0,3826969.0,3759636.0,96089.0,"Johnson&Johnson, Moderna, Oxford/AstraZeneca, Pfizer/BioNTech",https://covid19ireland-geohive.hub.arcgis.com/
2021-10-13,Ireland,7459147.0,3827664.0,3761225.0,110341.0,"Johnson&Johnson, Moderna, Oxford/AstraZeneca, Pfizer/BioNTech",https://covid19ireland-geohive.hub.arcgis.com/
2021-10-14,Ireland,7473228.0,3828619.0,3763293.0,121406.0,"Johnson&Johnson, Moderna, Oxford/AstraZeneca, Pfizer/BioNTech",https://covid19ireland-geohive.hub.arcgis.com/
2021-10-15,Ireland,7485129.0,3829999.0,3765936.0,129297.0,"Johnson&Johnson, Moderna, Oxford/AstraZeneca, Pfizer/BioNTech",https://covid19ireland-geohive.hub.arcgis.com/
2021-10-16,Ireland,7491409.0,3831702.0,3768822.0,130990.0,"Johnson&Johnson, Moderna, Oxford/AstraZeneca, Pfizer/BioNTech",https://covid19ireland-geohive.hub.arcgis.com/
2021-10-17,Ireland,7498331.0,3832375.0,3770054.0,136011.0,"Johnson&Johnson, Moderna, Oxford/AstraZeneca, Pfizer/BioNTech",https://covid19ireland-geohive.hub.arcgis.com/
2021-10-18,Ireland,7511497.0,3833720.0,3771848.0,146052.0,"Johnson&Johnson, Moderna, Oxford/AstraZeneca, Pfizer/BioNTech",https://covid19ireland-geohive.hub.arcgis.com/
2021-10-19,Ireland,7526047.0,3835964.0,3774151.0,156055.0,"Johnson&Johnson, Moderna, Oxford/AstraZeneca, Pfizer/BioNTech",https://covid19ireland-geohive.hub.arcgis.com/
2021-10-20,Ireland,7540977.0,3837720.0,3775971.0,167420.0,"Johnson&Johnson, Moderna, Oxford/AstraZeneca, Pfizer/BioNTech",https://covid19ireland-geohive.hub.arcgis.com/
2021-10-21,Ireland,7552494.0,3839217.0,3777881.0,175532.0,"Johnson&Johnson, Moderna, Oxford/AstraZeneca, Pfizer/BioNTech",https://covid19ireland-geohive.hub.arcgis.com/
2021-10-22,Ireland,7557629.0,3841227.0,3779563.0,176976.0,"Johnson&Johnson, Moderna, Oxford/AstraZeneca, Pfizer/BioNTech",https://covid19ireland-geohive.hub.arcgis.com/
2021-10-23,Ireland,7563134.0,3843175.0,3781747.0,178351.0,"Johnson&Johnson, Moderna, Oxford/AstraZeneca, Pfizer/BioNTech",https://covid19ireland-geohive.hub.arcgis.com/
2021-10-24,Ireland,7565720.0,3844393.0,3782586.0,178882.0,"Johnson&Johnson, Moderna, Oxford/AstraZeneca, Pfizer/BioNTech",https://covid19ireland-geohive.hub.arcgis.com/
2021-10-25,Ireland,7572696.0,3845634.0,3783793.0,183416.0,"Johnson&Johnson, Moderna, Oxford/AstraZeneca, Pfizer/BioNTech",https://covid19ireland-geohive.hub.arcgis.com/
2021-10-26,Ireland,7583038.0,3847193.0,3785203.0,190794.0,"Johnson&Johnson, Moderna, Oxford/AstraZeneca, Pfizer/BioNTech",https://covid19ireland-geohive.hub.arcgis.com/
2021-10-27,Ireland,7594323.0,3849341.0,3786881.0,198257.0,"Johnson&Johnson, Moderna, Oxford/AstraZeneca, Pfizer/BioNTech",https://covid19ireland-geohive.hub.arcgis.com/
2021-10-28,Ireland,7604523.0,3851474.0,3788228.0,204977.0,"Johnson&Johnson, Moderna, Oxford/AstraZeneca, Pfizer/BioNTech",https://covid19ireland-geohive.hub.arcgis.com/
2021-10-29,Ireland,7610148.0,3853484.0,3789668.0,207152.0,"Johnson&Johnson, Moderna, Oxford/AstraZeneca, Pfizer/BioNTech",https://covid19ireland-geohive.hub.arcgis.com/
2021-10-30,Ireland,7614073.0,3855076.0,3790983.0,208170.0,"Johnson&Johnson, Moderna, Oxford/AstraZeneca, Pfizer/BioNTech",https://covid19ireland-geohive.hub.arcgis.com/
2021-11-01,Ireland,7617480.0,3855338.0,3791245.0,211055.0,"Johnson&Johnson, Moderna, Oxford/AstraZeneca, Pfizer/BioNTech",https://covid19ireland-geohive.hub.arcgis.com/
2021-11-02,Ireland,7628051.0,3856434.0,3792331.0,219453.0,"Johnson&Johnson, Moderna, Oxford/AstraZeneca, Pfizer/BioNTech",https://covid19ireland-geohive.hub.arcgis.com/
2021-11-03,Ireland,7641077.0,3858972.0,3794182.0,228096.0,"Johnson&Johnson, Moderna, Oxford/AstraZeneca, Pfizer/BioNTech",https://covid19ireland-geohive.hub.arcgis.com/
2021-11-04,Ireland,7656140.0,3860513.0,3795439.0,240362.0,"Johnson&Johnson, Moderna, Oxford/AstraZeneca, Pfizer/BioNTech",https://covid19ireland-geohive.hub.arcgis.com/
2021-11-05,Ireland,7673181.0,3862145.0,3796513.0,254700.0,"Johnson&Johnson, Moderna, Oxford/AstraZeneca, Pfizer/BioNTech",https://covid19ireland-geohive.hub.arcgis.com/
2021-11-06,Ireland,7687710.0,3863966.0,3797857.0,266069.0,"Johnson&Johnson, Moderna, Oxford/AstraZeneca, Pfizer/BioNTech",https://covid19ireland-geohive.hub.arcgis.com/
2021-11-07,Ireland,7700454.0,3864659.0,3798625.0,277352.0,"Johnson&Johnson, Moderna, Oxford/AstraZeneca, Pfizer/BioNTech",https://covid19ireland-geohive.hub.arcgis.com/
2021-11-08,Ireland,7716258.0,3865173.0,3799146.0,292123.0,"Johnson&Johnson, Moderna, Oxford/AstraZeneca, Pfizer/BioNTech",https://covid19ireland-geohive.hub.arcgis.com/
2021-11-09,Ireland,7741999.0,3866547.0,3800191.0,315446.0,"Johnson&Johnson, Moderna, Oxford/AstraZeneca, Pfizer/BioNTech",https://covid19ireland-geohive.hub.arcgis.com/
2021-11-10,Ireland,7771940.0,3868171.0,3801522.0,342432.0,"Johnson&Johnson, Moderna, Oxford/AstraZeneca, Pfizer/BioNTech",https://covid19ireland-geohive.hub.arcgis.com/
2021-11-11,Ireland,7804544.0,3869566.0,3802616.0,372549.0,"Johnson&Johnson, Moderna, Oxford/AstraZeneca, Pfizer/BioNTech",https://covid19ireland-geohive.hub.arcgis.com/
2021-11-12,Ireland,7833006.0,3870721.0,3803741.0,398736.0,"Johnson&Johnson, Moderna, Oxford/AstraZeneca, Pfizer/BioNTech",https://covid19ireland-geohive.hub.arcgis.com/
2021-11-13,Ireland,7855796.0,3872126.0,3805099.0,418763.0,"Johnson&Johnson, Moderna, Oxford/AstraZeneca, Pfizer/BioNTech",https://covid19ireland-geohive.hub.arcgis.com/
2021-11-14,Ireland,7868454.0,3873772.0,3806899.0,427975.0,"Johnson&Johnson, Moderna, Oxford/AstraZeneca, Pfizer/BioNTech",https://covid19ireland-geohive.hub.arcgis.com/
2021-11-15,Ireland,7885243.0,3875019.0,3807473.0,442944.0,"Johnson&Johnson, Moderna, Oxford/AstraZeneca, Pfizer/BioNTech",https://covid19ireland-geohive.hub.arcgis.com/
2021-11-16,Ireland,7915891.0,3876341.0,3808532.0,471216.0,"Johnson&Johnson, Moderna, Oxford/AstraZeneca, Pfizer/BioNTech",https://covid19ireland-geohive.hub.arcgis.com/
2021-11-17,Ireland,7951925.0,3877855.0,3809624.0,504644.0,"Johnson&Johnson, Moderna, Oxford/AstraZeneca, Pfizer/BioNTech",https://covid19ireland-geohive.hub.arcgis.com/
2021-11-18,Ireland,7994395.0,3879522.0,3812106.0,542970.0,"Johnson&Johnson, Moderna, Oxford/AstraZeneca, Pfizer/BioNTech",https://covid19ireland-geohive.hub.arcgis.com/
2021-11-19,Ireland,8028639.0,3880698.0,3813637.0,574507.0,"Johnson&Johnson, Moderna, Oxford/AstraZeneca, Pfizer/BioNTech",https://covid19ireland-geohive.hub.arcgis.com/
2021-11-20,Ireland,8054407.0,3882250.0,3816572.0,595800.0,"Johnson&Johnson, Moderna, Oxford/AstraZeneca, Pfizer/BioNTech",https://covid19ireland-geohive.hub.arcgis.com/
2021-11-21,Ireland,8072186.0,3884036.0,3819326.0,609039.0,"Johnson&Johnson, Moderna, Oxford/AstraZeneca, Pfizer/BioNTech",https://covid19ireland-geohive.hub.arcgis.com/
2021-11-22,Ireland,8089950.0,3884746.0,3819821.0,625600.0,"Johnson&Johnson, Moderna, Oxford/AstraZeneca, Pfizer/BioNTech",https://covid19ireland-geohive.hub.arcgis.com/
2021-11-23,Ireland,8126867.0,3886913.0,3821390.0,658787.0,"Johnson&Johnson, Moderna, Oxford/AstraZeneca, Pfizer/BioNTech",https://covid19ireland-geohive.hub.arcgis.com/
2021-11-24,Ireland,8167167.0,3888538.0,3824511.0,694343.0,"Johnson&Johnson, Moderna, Oxford/AstraZeneca, Pfizer/BioNTech",https://covid19ireland-geohive.hub.arcgis.com/
2021-11-25,Ireland,8210123.0,3889530.0,3825676.0,735143.0,"Johnson&Johnson, Moderna, Oxford/AstraZeneca, Pfizer/BioNTech",https://covid19ireland-geohive.hub.arcgis.com/
2021-11-26,Ireland,8248445.0,3890831.0,3826769.0,771083.0,"Johnson&Johnson, Moderna, Oxford/AstraZeneca, Pfizer/BioNTech",https://covid19ireland-geohive.hub.arcgis.com/
2021-11-27,Ireland,8275749.0,3892056.0,3828329.0,795608.0,"Johnson&Johnson, Moderna, Oxford/AstraZeneca, Pfizer/BioNTech",https://covid19ireland-geohive.hub.arcgis.com/
2021-11-28,Ireland,8296052.0,3894022.0,3830582.0,811692.0,"Johnson&Johnson, Moderna, Oxford/AstraZeneca, Pfizer/BioNTech",https://covid19ireland-geohive.hub.arcgis.com/
2021-11-29,Ireland,8319135.0,3894567.0,3831563.0,833250.0,"Johnson&Johnson, Moderna, Oxford/AstraZeneca, Pfizer/BioNTech",https://covid19ireland-geohive.hub.arcgis.com/
2021-11-30,Ireland,8361450.0,3896496.0,3833190.0,872015.0,"Johnson&Johnson, Moderna, Oxford/AstraZeneca, Pfizer/BioNTech",https://covid19ireland-geohive.hub.arcgis.com/
2021-12-01,Ireland,8403059.0,3897574.0,3834544.0,911193.0,"Johnson&Johnson, Moderna, Oxford/AstraZeneca, Pfizer/BioNTech",https://covid19ireland-geohive.hub.arcgis.com/
2021-12-02,Ireland,8446147.0,3899345.0,3835941.0,951113.0,"Johnson&Johnson, Moderna, Oxford/AstraZeneca, Pfizer/BioNTech",https://covid19ireland-geohive.hub.arcgis.com/
2021-12-03,Ireland,8484525.0,3900395.0,3837110.0,987275.0,"Johnson&Johnson, Moderna, Oxford/AstraZeneca, Pfizer/BioNTech",https://covid19ireland-geohive.hub.arcgis.com/
2021-12-04,Ireland,8510755.0,3901597.0,3838807.0,1010607.0,"Johnson&Johnson, Moderna, Oxford/AstraZeneca, Pfizer/BioNTech",https://covid19ireland-geohive.hub.arcgis.com/
2021-12-05,Ireland,8529067.0,3902946.0,3840580.0,1025798.0,"Johnson&Johnson, Moderna, Oxford/AstraZeneca, Pfizer/BioNTech",https://covid19ireland-geohive.hub.arcgis.com/
2021-12-06,Ireland,8553387.0,3903879.0,3841858.0,1047907.0,"Johnson&Johnson, Moderna, Oxford/AstraZeneca, Pfizer/BioNTech",https://covid19ireland-geohive.hub.arcgis.com/
2021-12-07,Ireland,8583756.0,3904366.0,3842589.0,1077059.0,"Johnson&Johnson, Moderna, Oxford/AstraZeneca, Pfizer/BioNTech",https://covid19ireland-geohive.hub.arcgis.com/
2021-12-08,Ireland,8623213.0,3905173.0,3844081.0,1114217.0,"Johnson&Johnson, Moderna, Oxford/AstraZeneca, Pfizer/BioNTech",https://covid19ireland-geohive.hub.arcgis.com/
2021-12-09,Ireland,8671395.0,3905968.0,3845271.0,1160414.0,"Johnson&Johnson, Moderna, Oxford/AstraZeneca, Pfizer/BioNTech",https://covid19ireland-geohive.hub.arcgis.com/
2021-12-10,Ireland,8714975.0,3906862.0,3846865.0,1201507.0,"Johnson&Johnson, Moderna, Oxford/AstraZeneca, Pfizer/BioNTech",https://covid19ireland-geohive.hub.arcgis.com/
2021-12-11,Ireland,8745579.0,3907500.0,3847700.0,1230638.0,"Johnson&Johnson, Moderna, Oxford/AstraZeneca, Pfizer/BioNTech",https://covid19ireland-geohive.hub.arcgis.com/
2021-12-12,Ireland,8773960.0,3908191.0,3848888.0,1257140.0,"Johnson&Johnson, Moderna, Oxford/AstraZeneca, Pfizer/BioNTech",https://covid19ireland-geohive.hub.arcgis.com/
2021-12-13,Ireland,8807405.0,3908917.0,3849936.0,1288812.0,"Johnson&Johnson, Moderna, Oxford/AstraZeneca, Pfizer/BioNTech",https://covid19ireland-geohive.hub.arcgis.com/
2021-12-14,Ireland,8862753.0,3909545.0,3851123.0,1342346.0,"Johnson&Johnson, Moderna, Oxford/AstraZeneca, Pfizer/BioNTech",https://covid19ireland-geohive.hub.arcgis.com/
2021-12-15,Ireland,8922333.0,3910344.0,3852353.0,1399898.0,"Johnson&Johnson, Moderna, Oxford/AstraZeneca, Pfizer/BioNTech",https://covid19ireland-geohive.hub.arcgis.com/
2021-12-16,Ireland,8991203.0,3911413.0,3853876.0,1466183.0,"Johnson&Johnson, Moderna, Oxford/AstraZeneca, Pfizer/BioNTech",https://covid19ireland-geohive.hub.arcgis.com/
2021-12-17,Ireland,9060764.0,3912625.0,3856311.0,1532098.0,"Johnson&Johnson, Moderna, Oxford/AstraZeneca, Pfizer/BioNTech",https://covid19ireland-geohive.hub.arcgis.com/
2021-12-18,Ireland,9109269.0,3913886.0,3857483.0,1578170.0,"Johnson&Johnson, Moderna, Oxford/AstraZeneca, Pfizer/BioNTech",https://covid19ireland-geohive.hub.arcgis.com/
2021-12-19,Ireland,9165553.0,3914447.0,3858361.0,1633015.0,"Johnson&Johnson, Moderna, Oxford/AstraZeneca, Pfizer/BioNTech",https://covid19ireland-geohive.hub.arcgis.com/
2021-12-20,Ireland,9260002.0,3914983.0,3858955.0,1726334.0,"Johnson&Johnson, Moderna, Oxford/AstraZeneca, Pfizer/BioNTech",https://covid19ireland-geohive.hub.arcgis.com/
2021-12-21,Ireland,9392692.0,3916444.0,3860743.0,1855778.0,"Johnson&Johnson, Moderna, Oxford/AstraZeneca, Pfizer/BioNTech",https://covid19ireland-geohive.hub.arcgis.com/
2021-12-22,Ireland,9528049.0,3917669.0,3862302.0,1988353.0,"Johnson&Johnson, Moderna, Oxford/AstraZeneca, Pfizer/BioNTech",https://covid19ireland-geohive.hub.arcgis.com/
2021-12-23,Ireland,9632385.0,3918626.0,3863644.0,2090390.0,"Johnson&Johnson, Moderna, Oxford/AstraZeneca, Pfizer/BioNTech",https://covid19ireland-geohive.hub.arcgis.com/
2021-12-24,Ireland,9643684.0,3918731.0,3863786.0,2101442.0,"Johnson&Johnson, Moderna, Oxford/AstraZeneca, Pfizer/BioNTech",https://covid19ireland-geohive.hub.arcgis.com/
2021-12-25,Ireland,9643709.0,3918733.0,3863786.0,2101465.0,"Johnson&Johnson, Moderna, Oxford/AstraZeneca, Pfizer/BioNTech",https://covid19ireland-geohive.hub.arcgis.com/
2021-12-26,Ireland,9643970.0,3918743.0,3863793.0,2101709.0,"Johnson&Johnson, Moderna, Oxford/AstraZeneca, Pfizer/BioNTech",https://covid19ireland-geohive.hub.arcgis.com/
2021-12-27,Ireland,9657787.0,3919131.0,3864376.0,2114555.0,"Johnson&Johnson, Moderna, Oxford/AstraZeneca, Pfizer/BioNTech",https://covid19ireland-geohive.hub.arcgis.com/
2021-12-28,Ireland,9682266.0,3919596.0,3865114.0,2137831.0,"Johnson&Johnson, Moderna, Oxford/AstraZeneca, Pfizer/BioNTech",https://covid19ireland-geohive.hub.arcgis.com/
2021-12-29,Ireland,9737719.0,3920675.0,3866397.0,2190922.0,"Johnson&Johnson, Moderna, Oxford/AstraZeneca, Pfizer/BioNTech",https://covid19ireland-geohive.hub.arcgis.com/
2021-12-30,Ireland,9801231.0,3921748.0,3867576.0,2252184.0,"Johnson&Johnson, Moderna, Oxford/AstraZeneca, Pfizer/BioNTech",https://covid19ireland-geohive.hub.arcgis.com/
2021-12-31,Ireland,9822656.0,3922469.0,3869244.0,2271220.0,"Johnson&Johnson, Moderna, Oxford/AstraZeneca, Pfizer/BioNTech",https://covid19ireland-geohive.hub.arcgis.com/
2022-01-01,Ireland,9831753.0,3922537.0,3869339.0,2280154.0,"Johnson&Johnson, Moderna, Oxford/AstraZeneca, Pfizer/BioNTech",https://covid19ireland-geohive.hub.arcgis.com/
2022-01-02,Ireland,9846526.0,3922807.0,3869963.0,2294033.0,"Johnson&Johnson, Moderna, Oxford/AstraZeneca, Pfizer/BioNTech",https://covid19ireland-geohive.hub.arcgis.com/
2022-01-03,Ireland,9867715.0,3926438.0,3870681.0,2310874.0,"Johnson&Johnson, Moderna, Oxford/AstraZeneca, Pfizer/BioNTech",https://covid19ireland-geohive.hub.arcgis.com/
2022-01-04,Ireland,9901578.0,3927630.0,3871445.0,2342781.0,"Johnson&Johnson, Moderna, Oxford/AstraZeneca, Pfizer/BioNTech",https://covid19ireland-geohive.hub.arcgis.com/
2022-01-05,Ireland,9945544.0,3929773.0,3872330.0,2383719.0,"Johnson&Johnson, Moderna, Oxford/AstraZeneca, Pfizer/BioNTech",https://covid19ireland-geohive.hub.arcgis.com/
2022-01-06,Ireland,9991210.0,3932238.0,3873999.0,2425251.0,"Johnson&Johnson, Moderna, Oxford/AstraZeneca, Pfizer/BioNTech",https://covid19ireland-geohive.hub.arcgis.com/
2022-01-07,Ireland,10028194.0,3937096.0,3874764.0,2456612.0,"Johnson&Johnson, Moderna, Oxford/AstraZeneca, Pfizer/BioNTech",https://covid19ireland-geohive.hub.arcgis.com/
2022-01-08,Ireland,10053582.0,3946889.0,3875497.0,2471475.0,"Johnson&Johnson, Moderna, Oxford/AstraZeneca, Pfizer/BioNTech",https://covid19ireland-geohive.hub.arcgis.com/
2022-01-09,Ireland,10071601.0,3954003.0,3876159.0,2481718.0,"Johnson&Johnson, Moderna, Oxford/AstraZeneca, Pfizer/BioNTech",https://covid19ireland-geohive.hub.arcgis.com/
2022-01-10,Ireland,10093485.0,3960661.0,3876647.0,2496456.0,"Johnson&Johnson, Moderna, Oxford/AstraZeneca, Pfizer/BioNTech",https://covid19ireland-geohive.hub.arcgis.com/
2022-01-11,Ireland,10123593.0,3965438.0,3877990.0,2520445.0,"Johnson&Johnson, Moderna, Oxford/AstraZeneca, Pfizer/BioNTech",https://covid19ireland-geohive.hub.arcgis.com/
2022-01-12,Ireland,10157529.0,3972999.0,3878878.0,2545933.0,"Johnson&Johnson, Moderna, Oxford/AstraZeneca, Pfizer/BioNTech",https://covid19ireland-geohive.hub.arcgis.com/
2022-01-13,Ireland,10191175.0,3980328.0,3879667.0,2571461.0,"Johnson&Johnson, Moderna, Oxford/AstraZeneca, Pfizer/BioNTech",https://covid19ireland-geohive.hub.arcgis.com/
2022-01-14,Ireland,10225226.0,3991056.0,3880486.0,2593965.0,"Johnson&Johnson, Moderna, Oxford/AstraZeneca, Pfizer/BioNTech",https://covid19ireland-geohive.hub.arcgis.com/
2022-01-15,Ireland,10246523.0,3999411.0,3881123.0,2606270.0,"Johnson&Johnson, Moderna, Oxford/AstraZeneca, Pfizer/BioNTech",https://covid19ireland-geohive.hub.arcgis.com/
2022-01-16,Ireland,10261244.0,4006378.0,3882337.0,2612811.0,"Johnson&Johnson, Moderna, Oxford/AstraZeneca, Pfizer/BioNTech",https://covid19ireland-geohive.hub.arcgis.com/
2022-01-17,Ireland,10276089.0,4008944.0,3882882.0,2624545.0,"Johnson&Johnson, Moderna, Oxford/AstraZeneca, Pfizer/BioNTech",https://covid19ireland-geohive.hub.arcgis.com/
2022-01-18,Ireland,10293327.0,4013011.0,3883311.0,2637290.0,"Johnson&Johnson, Moderna, Oxford/AstraZeneca, Pfizer/BioNTech",https://covid19ireland-geohive.hub.arcgis.com/
2022-01-19,Ireland,10309278.0,4016500.0,3883923.0,2649140.0,"Johnson&Johnson, Moderna, Oxford/AstraZeneca, Pfizer/BioNTech",https://covid19ireland-geohive.hub.arcgis.com/
2022-01-20,Ireland,10324705.0,4020200.0,3884849.0,2659942.0,"Johnson&Johnson, Moderna, Oxford/AstraZeneca, Pfizer/BioNTech",https://covid19ireland-geohive.hub.arcgis.com/
2022-01-21,Ireland,10338080.0,4023452.0,3885816.0,2669098.0,"Johnson&Johnson, Moderna, Oxford/AstraZeneca, Pfizer/BioNTech",https://covid19ireland-geohive.hub.arcgis.com/
2022-01-22,Ireland,10349073.0,4027723.0,3886453.0,2675183.0,"Johnson&Johnson, Moderna, Oxford/AstraZeneca, Pfizer/BioNTech",https://covid19ireland-geohive.hub.arcgis.com/
2022-01-23,Ireland,10356390.0,4030815.0,3887130.0,2678731.0,"Johnson&Johnson, Moderna, Oxford/AstraZeneca, Pfizer/BioNTech",https://covid19ireland-geohive.hub.arcgis.com/
2022-01-24,Ireland,10362428.0,4031461.0,3887588.0,2683665.0,"Johnson&Johnson, Moderna, Oxford/AstraZeneca, Pfizer/BioNTech",https://covid19ireland-geohive.hub.arcgis.com/
2022-01-25,Ireland,10371407.0,4032160.0,3889415.0,2690118.0,"Johnson&Johnson, Moderna, Oxford/AstraZeneca, Pfizer/BioNTech",https://covid19ireland-geohive.hub.arcgis.com/
2022-01-26,Ireland,10380068.0,4032861.0,3890300.0,2697193.0,"Johnson&Johnson, Moderna, Oxford/AstraZeneca, Pfizer/BioNTech",https://covid19ireland-geohive.hub.arcgis.com/
2022-01-27,Ireland,10388452.0,4034135.0,3891462.0,2703141.0,"Johnson&Johnson, Moderna, Oxford/AstraZeneca, Pfizer/BioNTech",https://covid19ireland-geohive.hub.arcgis.com/
2022-01-28,Ireland,10399302.0,4035167.0,3894552.0,2709869.0,"Johnson&Johnson, Moderna, Oxford/AstraZeneca, Pfizer/BioNTech",https://covid19ireland-geohive.hub.arcgis.com/
2022-01-29,Ireland,10408966.0,4037492.0,3897994.0,2713766.0,"Johnson&Johnson, Moderna, Oxford/AstraZeneca, Pfizer/BioNTech",https://covid19ireland-geohive.hub.arcgis.com/
2022-01-30,Ireland,10420122.0,4039126.0,3905531.0,2715751.0,"Johnson&Johnson, Moderna, Oxford/AstraZeneca, Pfizer/BioNTech",https://covid19ireland-geohive.hub.arcgis.com/
2022-01-31,Ireland,10424822.0,4039606.0,3906916.0,2718586.0,"Johnson&Johnson, Moderna, Oxford/AstraZeneca, Pfizer/BioNTech",https://covid19ireland-geohive.hub.arcgis.com/
2022-02-01,Ireland,10433163.0,4040359.0,3910326.0,2722765.0,"Johnson&Johnson, Moderna, Oxford/AstraZeneca, Pfizer/BioNTech",https://covid19ireland-geohive.hub.arcgis.com/
2022-02-02,Ireland,10442522.0,4041003.0,3913320.0,2728486.0,"Johnson&Johnson, Moderna, Oxford/AstraZeneca, Pfizer/BioNTech",https://covid19ireland-geohive.hub.arcgis.com/
2022-02-03,Ireland,10451648.0,4041916.0,3915748.0,2734272.0,"Johnson&Johnson, Moderna, Oxford/AstraZeneca, Pfizer/BioNTech",https://covid19ireland-geohive.hub.arcgis.com/
2022-02-04,Ireland,10464744.0,4043087.0,3922265.0,2739680.0,"Johnson&Johnson, Moderna, Oxford/AstraZeneca, Pfizer/BioNTech",https://covid19ireland-geohive.hub.arcgis.com/
2022-02-05,Ireland,10476053.0,4044864.0,3928011.0,2743466.0,"Johnson&Johnson, Moderna, Oxford/AstraZeneca, Pfizer/BioNTech",https://covid19ireland-geohive.hub.arcgis.com/
2022-02-06,Ireland,10487506.0,4046272.0,3935566.0,2745956.0,"Johnson&Johnson, Moderna, Oxford/AstraZeneca, Pfizer/BioNTech",https://covid19ireland-geohive.hub.arcgis.com/
2022-02-07,Ireland,10491366.0,4046711.0,3936915.0,2748028.0,"Johnson&Johnson, Moderna, Oxford/AstraZeneca, Pfizer/BioNTech",https://covid19ireland-geohive.hub.arcgis.com/
2022-02-08,Ireland,10496963.0,4047607.0,3938148.0,2751496.0,"Johnson&Johnson, Moderna, Oxford/AstraZeneca, Pfizer/BioNTech",https://covid19ireland-geohive.hub.arcgis.com/
2022-02-09,Ireland,10504914.0,4048940.0,3939926.0,2756336.0,"Johnson&Johnson, Moderna, Oxford/AstraZeneca, Pfizer/BioNTech",https://covid19ireland-geohive.hub.arcgis.com/
2022-02-10,Ireland,10513181.0,4049628.0,3942466.0,2761375.0,"Johnson&Johnson, Moderna, Oxford/AstraZeneca, Pfizer/BioNTech",https://covid19ireland-geohive.hub.arcgis.com/
2022-02-11,Ireland,10523289.0,4050183.0,3947378.0,2766016.0,"Johnson&Johnson, Moderna, Oxford/AstraZeneca, Pfizer/BioNTech",https://covid19ireland-geohive.hub.arcgis.com/
2022-02-12,Ireland,10535715.0,4051579.0,3952838.0,2771586.0,"Johnson&Johnson, Moderna, Oxford/AstraZeneca, Pfizer/BioNTech",https://covid19ireland-geohive.hub.arcgis.com/
2022-02-13,Ireland,10545834.0,4053146.0,3957543.0,2775433.0,"Johnson&Johnson, Moderna, Oxford/AstraZeneca, Pfizer/BioNTech",https://covid19ireland-geohive.hub.arcgis.com/
2022-02-14,Ireland,10549087.0,4053322.0,3958493.0,2777561.0,"Johnson&Johnson, Moderna, Oxford/AstraZeneca, Pfizer/BioNTech",https://covid19ireland-geohive.hub.arcgis.com/
2022-02-15,Ireland,10554107.0,4053972.0,3959305.0,2781120.0,"Johnson&Johnson, Moderna, Oxford/AstraZeneca, Pfizer/BioNTech",https://covid19ireland-geohive.hub.arcgis.com/
2022-02-16,Ireland,10560732.0,4054769.0,3961087.0,2785166.0,"Johnson&Johnson, Moderna, Oxford/AstraZeneca, Pfizer/BioNTech",https://covid19ireland-geohive.hub.arcgis.com/
2022-02-17,Ireland,10566890.0,4055566.0,3962274.0,2789342.0,"Johnson&Johnson, Moderna, Oxford/AstraZeneca, Pfizer/BioNTech",https://covid19ireland-geohive.hub.arcgis.com/
2022-02-18,Ireland,10573900.0,4056362.0,3965563.0,2792267.0,"Johnson&Johnson, Moderna, Oxford/AstraZeneca, Pfizer/BioNTech",https://covid19ireland-geohive.hub.arcgis.com/
2022-02-19,Ireland,10582842.0,4057341.0,3969113.0,2796680.0,"Johnson&Johnson, Moderna, Oxford/AstraZeneca, Pfizer/BioNTech",https://covid19ireland-geohive.hub.arcgis.com/
2022-02-20,Ireland,10590219.0,4058708.0,3972700.0,2799103.0,"Johnson&Johnson, Moderna, Oxford/AstraZeneca, Pfizer/BioNTech",https://covid19ireland-geohive.hub.arcgis.com/
2022-02-21,Ireland,10593046.0,4058963.0,3973689.0,2800688.0,"Johnson&Johnson, Moderna, Oxford/AstraZeneca, Pfizer/BioNTech",https://covid19ireland-geohive.hub.arcgis.com/
2022-02-22,Ireland,10597498.0,4059438.0,3974660.0,2803694.0,"Johnson&Johnson, Moderna, Oxford/AstraZeneca, Pfizer/BioNTech",https://covid19ireland-geohive.hub.arcgis.com/
2022-02-23,Ireland,10602616.0,4060268.0,3975931.0,2806712.0,"Johnson&Johnson, Moderna, Oxford/AstraZeneca, Pfizer/BioNTech",https://covid19ireland-geohive.hub.arcgis.com/
2022-02-24,Ireland,10607764.0,4060926.0,3977158.0,2809975.0,"Johnson&Johnson, Moderna, Oxford/AstraZeneca, Pfizer/BioNTech",https://covid19ireland-geohive.hub.arcgis.com/
2022-02-25,Ireland,10613784.0,4061615.0,3978377.0,2814087.0,"Johnson&Johnson, Moderna, Oxford/AstraZeneca, Pfizer/BioNTech",https://covid19ireland-geohive.hub.arcgis.com/
2022-02-26,Ireland,10620356.0,4062575.0,3980465.0,2817611.0,"Johnson&Johnson, Moderna, Oxford/AstraZeneca, Pfizer/BioNTech",https://covid19ireland-geohive.hub.arcgis.com/
2022-02-27,Ireland,10626085.0,4063245.0,3982246.0,2820889.0,"Johnson&Johnson, Moderna, Oxford/AstraZeneca, Pfizer/BioNTech",https://covid19ireland-geohive.hub.arcgis.com/
2022-02-28,Ireland,10628064.0,4063330.0,3982670.0,2822359.0,"Johnson&Johnson, Moderna, Oxford/AstraZeneca, Pfizer/BioNTech",https://covid19ireland-geohive.hub.arcgis.com/
2022-03-01,Ireland,10631092.0,4063454.0,3983609.0,2824324.0,"Johnson&Johnson, Moderna, Oxford/AstraZeneca, Pfizer/BioNTech",https://covid19ireland-geohive.hub.arcgis.com/
2022-03-02,Ireland,10635515.0,4063662.0,3984599.0,2827551.0,"Johnson&Johnson, Moderna, Oxford/AstraZeneca, Pfizer/BioNTech",https://covid19ireland-geohive.hub.arcgis.com/
2022-03-03,Ireland,10640877.0,4063935.0,3985873.0,2831366.0,"Johnson&Johnson, Moderna, Oxford/AstraZeneca, Pfizer/BioNTech",https://covid19ireland-geohive.hub.arcgis.com/
2022-03-04,Ireland,10646391.0,4064669.0,3987376.0,2834645.0,"Johnson&Johnson, Moderna, Oxford/AstraZeneca, Pfizer/BioNTech",https://covid19ireland-geohive.hub.arcgis.com/
2022-03-05,Ireland,10654554.0,4065631.0,3990717.0,2838505.0,"Johnson&Johnson, Moderna, Oxford/AstraZeneca, Pfizer/BioNTech",https://covid19ireland-geohive.hub.arcgis.com/
2022-03-06,Ireland,10661404.0,4066087.0,3992631.0,2842985.0,"Johnson&Johnson, Moderna, Oxford/AstraZeneca, Pfizer/BioNTech",https://covid19ireland-geohive.hub.arcgis.com/
2022-03-07,Ireland,10662856.0,4066199.0,3992750.0,2844206.0,"Johnson&Johnson, Moderna, Oxford/AstraZeneca, Pfizer/BioNTech",https://covid19ireland-geohive.hub.arcgis.com/
2022-03-08,Ireland,10665987.0,4066319.0,3993242.0,2846725.0,"Johnson&Johnson, Moderna, Oxford/AstraZeneca, Pfizer/BioNTech",https://covid19ireland-geohive.hub.arcgis.com/
2022-03-09,Ireland,10669365.0,4066444.0,3993580.0,2849640.0,"Johnson&Johnson, Moderna, Oxford/AstraZeneca, Pfizer/BioNTech",https://covid19ireland-geohive.hub.arcgis.com/
2022-03-10,Ireland,10674365.0,4066699.0,3994087.0,2853878.0,"Johnson&Johnson, Moderna, Oxford/AstraZeneca, Pfizer/BioNTech",https://covid19ireland-geohive.hub.arcgis.com/
2022-03-11,Ireland,10680585.0,4067194.0,3996263.0,2857427.0,"Johnson&Johnson, Moderna, Oxford/AstraZeneca, Pfizer/BioNTech",https://covid19ireland-geohive.hub.arcgis.com/
2022-03-12,Ireland,10686946.0,4067668.0,3998652.0,2860927.0,"Johnson&Johnson, Moderna, Oxford/AstraZeneca, Pfizer/BioNTech",https://covid19ireland-geohive.hub.arcgis.com/
2022-03-13,Ireland,10692580.0,4068026.0,3999734.0,2865121.0,"Johnson&Johnson, Moderna, Oxford/AstraZeneca, Pfizer/BioNTech",https://covid19ireland-geohive.hub.arcgis.com/
2022-03-14,Ireland,10694621.0,4068132.0,3999854.0,2866936.0,"Johnson&Johnson, Moderna, Oxford/AstraZeneca, Pfizer/BioNTech",https://covid19ireland-geohive.hub.arcgis.com/
2022-03-15,Ireland,10698668.0,4068354.0,4000609.0,2870006.0,"Johnson&Johnson, Moderna, Oxford/AstraZeneca, Pfizer/BioNTech",https://covid19ireland-geohive.hub.arcgis.com/
2022-03-16,Ireland,10703808.0,4068549.0,4001404.0,2874156.0,"Johnson&Johnson, Moderna, Oxford/AstraZeneca, Pfizer/BioNTech",https://covid19ireland-geohive.hub.arcgis.com/
2022-03-17,Ireland,2874193.0,0.0,0.0,2874193.0,"Johnson&Johnson, Moderna, Oxford/AstraZeneca, Pfizer/BioNTech",https://covid19ireland-geohive.hub.arcgis.com/
2022-03-18,Ireland,10703915.0,4068551.0,4001410.0,2874255.0,"Johnson&Johnson, Moderna, Oxford/AstraZeneca, Pfizer/BioNTech",https://covid19ireland-geohive.hub.arcgis.com/
2022-03-19,Ireland,10709557.0,4069293.0,4004188.0,2876377.0,"Johnson&Johnson, Moderna, Oxford/AstraZeneca, Pfizer/BioNTech",https://covid19ireland-geohive.hub.arcgis.com/
2022-03-20,Ireland,10715942.0,4069687.0,4005588.0,2880968.0,"Johnson&Johnson, Moderna, Oxford/AstraZeneca, Pfizer/BioNTech",https://covid19ireland-geohive.hub.arcgis.com/
2022-03-21,Ireland,10717684.0,4069739.0,4005696.0,2882550.0,"Johnson&Johnson, Moderna, Oxford/AstraZeneca, Pfizer/BioNTech",https://covid19ireland-geohive.hub.arcgis.com/
2022-03-22,Ireland,10720862.0,4069877.0,4006265.0,2885021.0,"Johnson&Johnson, Moderna, Oxford/AstraZeneca, Pfizer/BioNTech",https://covid19ireland-geohive.hub.arcgis.com/
2022-03-23,Ireland,10724860.0,4069972.0,4006484.0,2888705.0,"Johnson&Johnson, Moderna, Oxford/AstraZeneca, Pfizer/BioNTech",https://covid19ireland-geohive.hub.arcgis.com/
2022-03-24,Ireland,10730663.0,4070121.0,4006721.0,2894122.0,"Johnson&Johnson, Moderna, Oxford/AstraZeneca, Pfizer/BioNTech",https://covid19ireland-geohive.hub.arcgis.com/
2022-03-25,Ireland,10737084.0,4070558.0,4008337.0,2898490.0,"Johnson&Johnson, Moderna, Oxford/AstraZeneca, Pfizer/BioNTech",https://covid19ireland-geohive.hub.arcgis.com/
2022-03-26,Ireland,10743011.0,4071430.0,4010184.0,2901698.0,"Johnson&Johnson, Moderna, Oxford/AstraZeneca, Pfizer/BioNTech",https://covid19ireland-geohive.hub.arcgis.com/
2022-03-28,Ireland,10753467.0,4071987.0,4011228.0,2910556.0,"Johnson&Johnson, Moderna, Oxford/AstraZeneca, Pfizer/BioNTech",https://covid19ireland-geohive.hub.arcgis.com/
2022-03-29,Ireland,10757572.0,4072095.0,4011361.0,2914420.0,"Johnson&Johnson, Moderna, Oxford/AstraZeneca, Pfizer/BioNTech",https://covid19ireland-geohive.hub.arcgis.com/
2022-03-30,Ireland,10762461.0,4072318.0,4011713.0,2918734.0,"Johnson&Johnson, Moderna, Oxford/AstraZeneca, Pfizer/BioNTech",https://covid19ireland-geohive.hub.arcgis.com/
2022-03-31,Ireland,10767370.0,4072627.0,4012613.0,2922434.0,"Johnson&Johnson, Moderna, Oxford/AstraZeneca, Pfizer/BioNTech",https://covid19ireland-geohive.hub.arcgis.com/
2022-04-01,Ireland,10772655.0,4073352.0,4014151.0,2925456.0,"Johnson&Johnson, Moderna, Oxford/AstraZeneca, Pfizer/BioNTech",https://covid19ireland-geohive.hub.arcgis.com/
2022-04-02,Ireland,10778925.0,4073886.0,4014968.0,2930375.0,"Johnson&Johnson, Moderna, Oxford/AstraZeneca, Pfizer/BioNTech",https://covid19ireland-geohive.hub.arcgis.com/
2022-04-03,Ireland,10780511.0,4073931.0,4015018.0,2931866.0,"Johnson&Johnson, Moderna, Oxford/AstraZeneca, Pfizer/BioNTech",https://covid19ireland-geohive.hub.arcgis.com/
2022-04-04,Ireland,10783839.0,4074059.0,4015183.0,2934901.0,"Johnson&Johnson, Moderna, Oxford/AstraZeneca, Pfizer/BioNTech",https://covid19ireland-geohive.hub.arcgis.com/
2022-04-05,Ireland,10787290.0,4074216.0,4015386.0,2937992.0,"Johnson&Johnson, Moderna, Oxford/AstraZeneca, Pfizer/BioNTech",https://covid19ireland-geohive.hub.arcgis.com/
2022-04-06,Ireland,10791985.0,4074333.0,4015558.0,2942398.0,"Johnson&Johnson, Moderna, Oxford/AstraZeneca, Pfizer/BioNTech",https://covid19ireland-geohive.hub.arcgis.com/
2022-04-07,Ireland,10796256.0,4074597.0,4015968.0,2945995.0,"Johnson&Johnson, Moderna, Oxford/AstraZeneca, Pfizer/BioNTech",https://covid19ireland-geohive.hub.arcgis.com/
2022-04-08,Ireland,10802014.0,4075156.0,4016983.0,2950179.0,"Johnson&Johnson, Moderna, Oxford/AstraZeneca, Pfizer/BioNTech",https://covid19ireland-geohive.hub.arcgis.com/
2022-04-09,Ireland,10807646.0,4075566.0,4017701.0,2954683.0,"Johnson&Johnson, Moderna, Oxford/AstraZeneca, Pfizer/BioNTech",https://covid19ireland-geohive.hub.arcgis.com/
2022-04-10,Ireland,10808822.0,4075633.0,4017790.0,2955703.0,"Johnson&Johnson, Moderna, Oxford/AstraZeneca, Pfizer/BioNTech",https://covid19ireland-geohive.hub.arcgis.com/
2022-04-11,Ireland,10812524.0,4075823.0,4017961.0,2959044.0,"Johnson&Johnson, Moderna, Oxford/AstraZeneca, Pfizer/BioNTech",https://covid19ireland-geohive.hub.arcgis.com/
2022-04-12,Ireland,10815840.0,4075968.0,4018189.0,2961987.0,"Johnson&Johnson, Moderna, Oxford/AstraZeneca, Pfizer/BioNTech",https://covid19ireland-geohive.hub.arcgis.com/
2022-04-13,Ireland,10819867.0,4076320.0,4018610.0,2965241.0,"Johnson&Johnson, Moderna, Oxford/AstraZeneca, Pfizer/BioNTech",https://covid19ireland-geohive.hub.arcgis.com/
2022-04-14,Ireland,10825156.0,4076764.0,4019594.0,2969102.0,"Johnson&Johnson, Moderna, Oxford/AstraZeneca, Pfizer/BioNTech",https://covid19ireland-geohive.hub.arcgis.com/
2022-04-15,Ireland,10825767.0,4076806.0,4019677.0,2969588.0,"Johnson&Johnson, Moderna, Oxford/AstraZeneca, Pfizer/BioNTech",https://covid19ireland-geohive.hub.arcgis.com/
2022-04-16,Ireland,2969604.0,0.0,0.0,2969604.0,"Johnson&Johnson, Moderna, Oxford/AstraZeneca, Pfizer/BioNTech",https://covid19ireland-geohive.hub.arcgis.com/
2022-04-17,Ireland,10825916.0,4076841.0,4019738.0,2969641.0,"Johnson&Johnson, Moderna, Oxford/AstraZeneca, Pfizer/BioNTech",https://covid19ireland-geohive.hub.arcgis.com/
2022-04-18,Ireland,10828243.0,4077058.0,4019999.0,2971491.0,"Johnson&Johnson, Moderna, Oxford/AstraZeneca, Pfizer/BioNTech",https://covid19ireland-geohive.hub.arcgis.com/
2022-04-19,Ireland,10831056.0,4077303.0,4020595.0,2973463.0,"Johnson&Johnson, Moderna, Oxford/AstraZeneca, Pfizer/BioNTech",https://covid19ireland-geohive.hub.arcgis.com/
2022-04-20,Ireland,10834405.0,4077461.0,4020814.0,2976435.0,"Johnson&Johnson, Moderna, Oxford/AstraZeneca, Pfizer/BioNTech",https://covid19ireland-geohive.hub.arcgis.com/
2022-04-21,Ireland,10837676.0,4077656.0,4021054.0,2979271.0,"Johnson&Johnson, Moderna, Oxford/AstraZeneca, Pfizer/BioNTech",https://covid19ireland-geohive.hub.arcgis.com/
2022-04-22,Ireland,10840505.0,4077978.0,4022054.0,2980778.0,"Johnson&Johnson, Moderna, Oxford/AstraZeneca, Pfizer/BioNTech",https://covid19ireland-geohive.hub.arcgis.com/
2022-04-23,Ireland,10842370.0,4078160.0,4022302.0,2982213.0,"Johnson&Johnson, Moderna, Oxford/AstraZeneca, Pfizer/BioNTech",https://covid19ireland-geohive.hub.arcgis.com/
2022-04-24,Ireland,10843383.0,4078197.0,4022348.0,2983143.0,"Johnson&Johnson, Moderna, Oxford/AstraZeneca, Pfizer/BioNTech",https://covid19ireland-geohive.hub.arcgis.com/
2022-04-25,Ireland,10845743.0,4078335.0,4022568.0,2985145.0,"Johnson&Johnson, Moderna, Oxford/AstraZeneca, Pfizer/BioNTech",https://covid19ireland-geohive.hub.arcgis.com/
