date,people_vaccinated,people_fully_vaccinated,total_boosters,total_vaccinations,vaccine,location,source_url
2020-12-27,2417,0,0,2417,Pfizer/BioNTech,Lithuania,https://experience.arcgis.com/experience/cab84dcfe0464c2a8050a78f817924ca/page/page_3/
2020-12-28,5214,0,0,5214,Pfizer/BioNTech,Lithuania,https://experience.arcgis.com/experience/cab84dcfe0464c2a8050a78f817924ca/page/page_3/
2020-12-29,8194,0,0,8194,Pfizer/BioNTech,Lithuania,https://experience.arcgis.com/experience/cab84dcfe0464c2a8050a78f817924ca/page/page_3/
2020-12-30,9725,0,0,9725,Pfizer/BioNTech,Lithuania,https://experience.arcgis.com/experience/cab84dcfe0464c2a8050a78f817924ca/page/page_3/
2020-12-31,9755,0,0,9755,Pfizer/BioNTech,Lithuania,https://experience.arcgis.com/experience/cab84dcfe0464c2a8050a78f817924ca/page/page_3/
2021-01-01,9755,0,0,9755,Pfizer/BioNTech,Lithuania,https://experience.arcgis.com/experience/cab84dcfe0464c2a8050a78f817924ca/page/page_3/
2021-01-02,9755,0,0,9755,Pfizer/BioNTech,Lithuania,https://experience.arcgis.com/experience/cab84dcfe0464c2a8050a78f817924ca/page/page_3/
2021-01-03,9755,0,0,9755,Pfizer/BioNTech,Lithuania,https://experience.arcgis.com/experience/cab84dcfe0464c2a8050a78f817924ca/page/page_3/
2021-01-04,9756,0,0,9756,Pfizer/BioNTech,Lithuania,https://experience.arcgis.com/experience/cab84dcfe0464c2a8050a78f817924ca/page/page_3/
2021-01-05,10378,0,0,10378,Pfizer/BioNTech,Lithuania,https://experience.arcgis.com/experience/cab84dcfe0464c2a8050a78f817924ca/page/page_3/
2021-01-06,13889,0,0,13889,Pfizer/BioNTech,Lithuania,https://experience.arcgis.com/experience/cab84dcfe0464c2a8050a78f817924ca/page/page_3/
2021-01-07,18084,0,0,18084,Pfizer/BioNTech,Lithuania,https://experience.arcgis.com/experience/cab84dcfe0464c2a8050a78f817924ca/page/page_3/
2021-01-08,23301,0,0,23301,Pfizer/BioNTech,Lithuania,https://experience.arcgis.com/experience/cab84dcfe0464c2a8050a78f817924ca/page/page_3/
2021-01-09,23605,0,0,23605,Pfizer/BioNTech,Lithuania,https://experience.arcgis.com/experience/cab84dcfe0464c2a8050a78f817924ca/page/page_3/
2021-01-10,23607,0,0,23607,Pfizer/BioNTech,Lithuania,https://experience.arcgis.com/experience/cab84dcfe0464c2a8050a78f817924ca/page/page_3/
2021-01-11,25825,0,0,25825,"Moderna, Pfizer/BioNTech",Lithuania,https://experience.arcgis.com/experience/cab84dcfe0464c2a8050a78f817924ca/page/page_3/
2021-01-12,27930,0,0,27930,"Moderna, Oxford/AstraZeneca, Pfizer/BioNTech",Lithuania,https://experience.arcgis.com/experience/cab84dcfe0464c2a8050a78f817924ca/page/page_3/
2021-01-13,34140,0,0,34140,"Moderna, Oxford/AstraZeneca, Pfizer/BioNTech",Lithuania,https://experience.arcgis.com/experience/cab84dcfe0464c2a8050a78f817924ca/page/page_3/
2021-01-14,42830,0,0,42830,"Moderna, Oxford/AstraZeneca, Pfizer/BioNTech",Lithuania,https://experience.arcgis.com/experience/cab84dcfe0464c2a8050a78f817924ca/page/page_3/
2021-01-15,50212,0,0,50212,"Moderna, Oxford/AstraZeneca, Pfizer/BioNTech",Lithuania,https://experience.arcgis.com/experience/cab84dcfe0464c2a8050a78f817924ca/page/page_3/
2021-01-16,51320,0,0,51320,"Moderna, Oxford/AstraZeneca, Pfizer/BioNTech",Lithuania,https://experience.arcgis.com/experience/cab84dcfe0464c2a8050a78f817924ca/page/page_3/
2021-01-17,51366,1094,0,52460,"Moderna, Oxford/AstraZeneca, Pfizer/BioNTech",Lithuania,https://experience.arcgis.com/experience/cab84dcfe0464c2a8050a78f817924ca/page/page_3/
2021-01-18,54217,2779,0,56996,"Moderna, Oxford/AstraZeneca, Pfizer/BioNTech",Lithuania,https://experience.arcgis.com/experience/cab84dcfe0464c2a8050a78f817924ca/page/page_3/
2021-01-19,56560,6709,0,63269,"Moderna, Oxford/AstraZeneca, Pfizer/BioNTech",Lithuania,https://experience.arcgis.com/experience/cab84dcfe0464c2a8050a78f817924ca/page/page_3/
2021-01-20,58177,8555,0,66732,"Moderna, Oxford/AstraZeneca, Pfizer/BioNTech",Lithuania,https://experience.arcgis.com/experience/cab84dcfe0464c2a8050a78f817924ca/page/page_3/
2021-01-21,59137,9194,0,68331,"Moderna, Oxford/AstraZeneca, Pfizer/BioNTech",Lithuania,https://experience.arcgis.com/experience/cab84dcfe0464c2a8050a78f817924ca/page/page_3/
2021-01-22,59462,9264,0,68726,"Moderna, Oxford/AstraZeneca, Pfizer/BioNTech",Lithuania,https://experience.arcgis.com/experience/cab84dcfe0464c2a8050a78f817924ca/page/page_3/
2021-01-23,59464,9264,0,68728,"Moderna, Oxford/AstraZeneca, Pfizer/BioNTech",Lithuania,https://experience.arcgis.com/experience/cab84dcfe0464c2a8050a78f817924ca/page/page_3/
2021-01-24,59464,9264,0,68728,"Moderna, Oxford/AstraZeneca, Pfizer/BioNTech",Lithuania,https://experience.arcgis.com/experience/cab84dcfe0464c2a8050a78f817924ca/page/page_3/
2021-01-25,59570,9267,0,68837,"Moderna, Oxford/AstraZeneca, Pfizer/BioNTech",Lithuania,https://experience.arcgis.com/experience/cab84dcfe0464c2a8050a78f817924ca/page/page_3/
2021-01-26,62070,9928,0,71998,"Moderna, Oxford/AstraZeneca, Pfizer/BioNTech",Lithuania,https://experience.arcgis.com/experience/cab84dcfe0464c2a8050a78f817924ca/page/page_3/
2021-01-27,65913,13019,0,78932,"Moderna, Oxford/AstraZeneca, Pfizer/BioNTech",Lithuania,https://experience.arcgis.com/experience/cab84dcfe0464c2a8050a78f817924ca/page/page_3/
2021-01-28,69295,16779,0,86074,"Moderna, Oxford/AstraZeneca, Pfizer/BioNTech",Lithuania,https://experience.arcgis.com/experience/cab84dcfe0464c2a8050a78f817924ca/page/page_3/
2021-01-29,72280,21910,0,94190,"Moderna, Oxford/AstraZeneca, Pfizer/BioNTech",Lithuania,https://experience.arcgis.com/experience/cab84dcfe0464c2a8050a78f817924ca/page/page_3/
2021-01-30,72475,22359,0,94834,"Moderna, Oxford/AstraZeneca, Pfizer/BioNTech",Lithuania,https://experience.arcgis.com/experience/cab84dcfe0464c2a8050a78f817924ca/page/page_3/
2021-01-31,72484,22359,0,94843,"Moderna, Oxford/AstraZeneca, Pfizer/BioNTech",Lithuania,https://experience.arcgis.com/experience/cab84dcfe0464c2a8050a78f817924ca/page/page_3/
2021-02-01,73530,24222,0,97752,"Moderna, Oxford/AstraZeneca, Pfizer/BioNTech",Lithuania,https://experience.arcgis.com/experience/cab84dcfe0464c2a8050a78f817924ca/page/page_3/
2021-02-02,75179,26505,0,101684,"Moderna, Oxford/AstraZeneca, Pfizer/BioNTech",Lithuania,https://experience.arcgis.com/experience/cab84dcfe0464c2a8050a78f817924ca/page/page_3/
2021-02-03,76846,31690,0,108536,"Moderna, Oxford/AstraZeneca, Pfizer/BioNTech",Lithuania,https://experience.arcgis.com/experience/cab84dcfe0464c2a8050a78f817924ca/page/page_3/
2021-02-04,78334,40119,0,118453,"Moderna, Oxford/AstraZeneca, Pfizer/BioNTech",Lithuania,https://experience.arcgis.com/experience/cab84dcfe0464c2a8050a78f817924ca/page/page_3/
2021-02-05,79269,46572,0,125841,"Moderna, Oxford/AstraZeneca, Pfizer/BioNTech",Lithuania,https://experience.arcgis.com/experience/cab84dcfe0464c2a8050a78f817924ca/page/page_3/
2021-02-06,79339,47238,0,126577,"Moderna, Oxford/AstraZeneca, Pfizer/BioNTech",Lithuania,https://experience.arcgis.com/experience/cab84dcfe0464c2a8050a78f817924ca/page/page_3/
2021-02-07,79340,47334,0,126674,"Moderna, Oxford/AstraZeneca, Pfizer/BioNTech",Lithuania,https://experience.arcgis.com/experience/cab84dcfe0464c2a8050a78f817924ca/page/page_3/
2021-02-08,79556,49808,0,129364,"Moderna, Oxford/AstraZeneca, Pfizer/BioNTech",Lithuania,https://experience.arcgis.com/experience/cab84dcfe0464c2a8050a78f817924ca/page/page_3/
2021-02-09,80634,51611,0,132245,"Moderna, Oxford/AstraZeneca, Pfizer/BioNTech",Lithuania,https://experience.arcgis.com/experience/cab84dcfe0464c2a8050a78f817924ca/page/page_3/
2021-02-10,85153,53284,0,138437,"Moderna, Oxford/AstraZeneca, Pfizer/BioNTech",Lithuania,https://experience.arcgis.com/experience/cab84dcfe0464c2a8050a78f817924ca/page/page_3/
2021-02-11,92944,54606,0,147550,"Moderna, Oxford/AstraZeneca, Pfizer/BioNTech",Lithuania,https://experience.arcgis.com/experience/cab84dcfe0464c2a8050a78f817924ca/page/page_3/
2021-02-12,99288,55604,0,154892,"Moderna, Oxford/AstraZeneca, Pfizer/BioNTech",Lithuania,https://experience.arcgis.com/experience/cab84dcfe0464c2a8050a78f817924ca/page/page_3/
2021-02-13,99738,55604,0,155342,"Moderna, Oxford/AstraZeneca, Pfizer/BioNTech",Lithuania,https://experience.arcgis.com/experience/cab84dcfe0464c2a8050a78f817924ca/page/page_3/
2021-02-14,99738,55605,0,155343,"Moderna, Oxford/AstraZeneca, Pfizer/BioNTech",Lithuania,https://experience.arcgis.com/experience/cab84dcfe0464c2a8050a78f817924ca/page/page_3/
2021-02-15,103698,56302,0,160000,"Moderna, Oxford/AstraZeneca, Pfizer/BioNTech",Lithuania,https://experience.arcgis.com/experience/cab84dcfe0464c2a8050a78f817924ca/page/page_3/
2021-02-16,104011,56529,0,160540,"Moderna, Oxford/AstraZeneca, Pfizer/BioNTech",Lithuania,https://experience.arcgis.com/experience/cab84dcfe0464c2a8050a78f817924ca/page/page_3/
2021-02-17,108362,60486,0,168848,"Moderna, Oxford/AstraZeneca, Pfizer/BioNTech",Lithuania,https://experience.arcgis.com/experience/cab84dcfe0464c2a8050a78f817924ca/page/page_3/
2021-02-18,114873,65353,0,180226,"Moderna, Oxford/AstraZeneca, Pfizer/BioNTech",Lithuania,https://experience.arcgis.com/experience/cab84dcfe0464c2a8050a78f817924ca/page/page_3/
2021-02-19,122063,68689,0,190752,"Moderna, Oxford/AstraZeneca, Pfizer/BioNTech",Lithuania,https://experience.arcgis.com/experience/cab84dcfe0464c2a8050a78f817924ca/page/page_3/
2021-02-20,123013,68751,0,191764,"Moderna, Oxford/AstraZeneca, Pfizer/BioNTech",Lithuania,https://experience.arcgis.com/experience/cab84dcfe0464c2a8050a78f817924ca/page/page_3/
2021-02-21,123016,68751,0,191767,"Moderna, Oxford/AstraZeneca, Pfizer/BioNTech",Lithuania,https://experience.arcgis.com/experience/cab84dcfe0464c2a8050a78f817924ca/page/page_3/
2021-02-22,126910,70334,1,197245,"Moderna, Oxford/AstraZeneca, Pfizer/BioNTech",Lithuania,https://experience.arcgis.com/experience/cab84dcfe0464c2a8050a78f817924ca/page/page_3/
2021-02-23,134483,71447,2,205932,"Moderna, Oxford/AstraZeneca, Pfizer/BioNTech",Lithuania,https://experience.arcgis.com/experience/cab84dcfe0464c2a8050a78f817924ca/page/page_3/
2021-02-24,145323,72380,2,217705,"Moderna, Oxford/AstraZeneca, Pfizer/BioNTech",Lithuania,https://experience.arcgis.com/experience/cab84dcfe0464c2a8050a78f817924ca/page/page_3/
2021-02-25,156265,73331,3,229599,"Moderna, Oxford/AstraZeneca, Pfizer/BioNTech",Lithuania,https://experience.arcgis.com/experience/cab84dcfe0464c2a8050a78f817924ca/page/page_3/
2021-02-26,165282,74384,4,239670,"Moderna, Oxford/AstraZeneca, Pfizer/BioNTech",Lithuania,https://experience.arcgis.com/experience/cab84dcfe0464c2a8050a78f817924ca/page/page_3/
2021-02-27,166063,74415,4,240482,"Moderna, Oxford/AstraZeneca, Pfizer/BioNTech",Lithuania,https://experience.arcgis.com/experience/cab84dcfe0464c2a8050a78f817924ca/page/page_3/
2021-02-28,166519,74415,4,240938,"Moderna, Oxford/AstraZeneca, Pfizer/BioNTech",Lithuania,https://experience.arcgis.com/experience/cab84dcfe0464c2a8050a78f817924ca/page/page_3/
2021-03-01,173951,74567,4,248522,"Moderna, Oxford/AstraZeneca, Pfizer/BioNTech",Lithuania,https://experience.arcgis.com/experience/cab84dcfe0464c2a8050a78f817924ca/page/page_3/
2021-03-02,182709,75187,4,257900,"Moderna, Oxford/AstraZeneca, Pfizer/BioNTech",Lithuania,https://experience.arcgis.com/experience/cab84dcfe0464c2a8050a78f817924ca/page/page_3/
2021-03-03,192478,77465,4,269947,"Moderna, Oxford/AstraZeneca, Pfizer/BioNTech",Lithuania,https://experience.arcgis.com/experience/cab84dcfe0464c2a8050a78f817924ca/page/page_3/
2021-03-04,202768,82705,4,285477,"Moderna, Oxford/AstraZeneca, Pfizer/BioNTech",Lithuania,https://experience.arcgis.com/experience/cab84dcfe0464c2a8050a78f817924ca/page/page_3/
2021-03-05,212128,87419,5,299552,"Moderna, Oxford/AstraZeneca, Pfizer/BioNTech",Lithuania,https://experience.arcgis.com/experience/cab84dcfe0464c2a8050a78f817924ca/page/page_3/
2021-03-06,212613,87562,5,300180,"Moderna, Oxford/AstraZeneca, Pfizer/BioNTech",Lithuania,https://experience.arcgis.com/experience/cab84dcfe0464c2a8050a78f817924ca/page/page_3/
2021-03-07,212616,87563,5,300184,"Moderna, Oxford/AstraZeneca, Pfizer/BioNTech",Lithuania,https://experience.arcgis.com/experience/cab84dcfe0464c2a8050a78f817924ca/page/page_3/
2021-03-08,220610,88529,5,309144,"Moderna, Oxford/AstraZeneca, Pfizer/BioNTech",Lithuania,https://experience.arcgis.com/experience/cab84dcfe0464c2a8050a78f817924ca/page/page_3/
2021-03-09,231164,89910,6,321080,"Moderna, Oxford/AstraZeneca, Pfizer/BioNTech",Lithuania,https://experience.arcgis.com/experience/cab84dcfe0464c2a8050a78f817924ca/page/page_3/
2021-03-10,244284,92488,6,336778,"Moderna, Oxford/AstraZeneca, Pfizer/BioNTech",Lithuania,https://experience.arcgis.com/experience/cab84dcfe0464c2a8050a78f817924ca/page/page_3/
2021-03-11,244744,93176,6,337926,"Moderna, Oxford/AstraZeneca, Pfizer/BioNTech",Lithuania,https://experience.arcgis.com/experience/cab84dcfe0464c2a8050a78f817924ca/page/page_3/
2021-03-12,255397,100519,6,355922,"Moderna, Oxford/AstraZeneca, Pfizer/BioNTech",Lithuania,https://experience.arcgis.com/experience/cab84dcfe0464c2a8050a78f817924ca/page/page_3/
2021-03-13,256433,101233,6,357672,"Moderna, Oxford/AstraZeneca, Pfizer/BioNTech",Lithuania,https://experience.arcgis.com/experience/cab84dcfe0464c2a8050a78f817924ca/page/page_3/
2021-03-14,256462,101235,6,357703,"Moderna, Oxford/AstraZeneca, Pfizer/BioNTech",Lithuania,https://experience.arcgis.com/experience/cab84dcfe0464c2a8050a78f817924ca/page/page_3/
2021-03-15,263368,102370,7,365745,"Moderna, Oxford/AstraZeneca, Pfizer/BioNTech",Lithuania,https://experience.arcgis.com/experience/cab84dcfe0464c2a8050a78f817924ca/page/page_3/
2021-03-16,268929,107045,7,375981,"Moderna, Oxford/AstraZeneca, Pfizer/BioNTech",Lithuania,https://experience.arcgis.com/experience/cab84dcfe0464c2a8050a78f817924ca/page/page_3/
2021-03-17,271552,115002,7,386561,"Moderna, Oxford/AstraZeneca, Pfizer/BioNTech",Lithuania,https://experience.arcgis.com/experience/cab84dcfe0464c2a8050a78f817924ca/page/page_3/
2021-03-18,274320,120669,8,394997,"Moderna, Oxford/AstraZeneca, Pfizer/BioNTech",Lithuania,https://experience.arcgis.com/experience/cab84dcfe0464c2a8050a78f817924ca/page/page_3/
2021-03-19,277470,126841,8,404319,"Moderna, Oxford/AstraZeneca, Pfizer/BioNTech",Lithuania,https://experience.arcgis.com/experience/cab84dcfe0464c2a8050a78f817924ca/page/page_3/
2021-03-20,277957,127095,8,405060,"Moderna, Oxford/AstraZeneca, Pfizer/BioNTech",Lithuania,https://experience.arcgis.com/experience/cab84dcfe0464c2a8050a78f817924ca/page/page_3/
2021-03-21,277973,127117,8,405098,"Moderna, Oxford/AstraZeneca, Pfizer/BioNTech",Lithuania,https://experience.arcgis.com/experience/cab84dcfe0464c2a8050a78f817924ca/page/page_3/
2021-03-22,284872,128496,9,413377,"Moderna, Oxford/AstraZeneca, Pfizer/BioNTech",Lithuania,https://experience.arcgis.com/experience/cab84dcfe0464c2a8050a78f817924ca/page/page_3/
2021-03-23,292114,134191,10,426315,"Moderna, Oxford/AstraZeneca, Pfizer/BioNTech",Lithuania,https://experience.arcgis.com/experience/cab84dcfe0464c2a8050a78f817924ca/page/page_3/
2021-03-24,304293,139690,10,443993,"Moderna, Oxford/AstraZeneca, Pfizer/BioNTech",Lithuania,https://experience.arcgis.com/experience/cab84dcfe0464c2a8050a78f817924ca/page/page_3/
2021-03-25,314426,146610,10,461046,"Moderna, Oxford/AstraZeneca, Pfizer/BioNTech",Lithuania,https://experience.arcgis.com/experience/cab84dcfe0464c2a8050a78f817924ca/page/page_3/
2021-03-26,324240,153297,13,477550,"Moderna, Oxford/AstraZeneca, Pfizer/BioNTech",Lithuania,https://experience.arcgis.com/experience/cab84dcfe0464c2a8050a78f817924ca/page/page_3/
2021-03-27,327284,153410,13,480707,"Moderna, Oxford/AstraZeneca, Pfizer/BioNTech",Lithuania,https://experience.arcgis.com/experience/cab84dcfe0464c2a8050a78f817924ca/page/page_3/
2021-03-28,327389,153494,13,480896,"Moderna, Oxford/AstraZeneca, Pfizer/BioNTech",Lithuania,https://experience.arcgis.com/experience/cab84dcfe0464c2a8050a78f817924ca/page/page_3/
2021-03-29,333216,155550,13,488779,"Moderna, Oxford/AstraZeneca, Pfizer/BioNTech",Lithuania,https://experience.arcgis.com/experience/cab84dcfe0464c2a8050a78f817924ca/page/page_3/
2021-03-30,339972,161747,14,501733,"Moderna, Oxford/AstraZeneca, Pfizer/BioNTech",Lithuania,https://experience.arcgis.com/experience/cab84dcfe0464c2a8050a78f817924ca/page/page_3/
2021-03-31,353434,169148,14,522596,"Moderna, Oxford/AstraZeneca, Pfizer/BioNTech",Lithuania,https://experience.arcgis.com/experience/cab84dcfe0464c2a8050a78f817924ca/page/page_3/
2021-04-01,369104,171857,14,540975,"Moderna, Oxford/AstraZeneca, Pfizer/BioNTech",Lithuania,https://experience.arcgis.com/experience/cab84dcfe0464c2a8050a78f817924ca/page/page_3/
2021-04-02,381980,178880,15,560875,"Moderna, Oxford/AstraZeneca, Pfizer/BioNTech",Lithuania,https://experience.arcgis.com/experience/cab84dcfe0464c2a8050a78f817924ca/page/page_3/
2021-04-03,390039,179490,15,569544,"Moderna, Oxford/AstraZeneca, Pfizer/BioNTech",Lithuania,https://experience.arcgis.com/experience/cab84dcfe0464c2a8050a78f817924ca/page/page_3/
2021-04-04,392449,179492,15,571956,"Moderna, Oxford/AstraZeneca, Pfizer/BioNTech",Lithuania,https://experience.arcgis.com/experience/cab84dcfe0464c2a8050a78f817924ca/page/page_3/
2021-04-05,396128,179538,15,575681,"Moderna, Oxford/AstraZeneca, Pfizer/BioNTech",Lithuania,https://experience.arcgis.com/experience/cab84dcfe0464c2a8050a78f817924ca/page/page_3/
2021-04-06,407867,182525,16,590408,"Moderna, Oxford/AstraZeneca, Pfizer/BioNTech",Lithuania,https://experience.arcgis.com/experience/cab84dcfe0464c2a8050a78f817924ca/page/page_3/
2021-04-07,419550,183616,17,603183,"Moderna, Oxford/AstraZeneca, Pfizer/BioNTech",Lithuania,https://experience.arcgis.com/experience/cab84dcfe0464c2a8050a78f817924ca/page/page_3/
2021-04-08,441459,188717,20,630196,"Moderna, Oxford/AstraZeneca, Pfizer/BioNTech",Lithuania,https://experience.arcgis.com/experience/cab84dcfe0464c2a8050a78f817924ca/page/page_3/
2021-04-09,471390,192336,23,663749,"Moderna, Oxford/AstraZeneca, Pfizer/BioNTech",Lithuania,https://experience.arcgis.com/experience/cab84dcfe0464c2a8050a78f817924ca/page/page_3/
2021-04-10,486852,192523,23,679398,"Moderna, Oxford/AstraZeneca, Pfizer/BioNTech",Lithuania,https://experience.arcgis.com/experience/cab84dcfe0464c2a8050a78f817924ca/page/page_3/
2021-04-11,488547,192564,23,681134,"Moderna, Oxford/AstraZeneca, Pfizer/BioNTech",Lithuania,https://experience.arcgis.com/experience/cab84dcfe0464c2a8050a78f817924ca/page/page_3/
2021-04-12,496844,193051,24,689919,"Moderna, Oxford/AstraZeneca, Pfizer/BioNTech",Lithuania,https://experience.arcgis.com/experience/cab84dcfe0464c2a8050a78f817924ca/page/page_3/
2021-04-13,512760,196013,26,708799,"Moderna, Oxford/AstraZeneca, Pfizer/BioNTech",Lithuania,https://experience.arcgis.com/experience/cab84dcfe0464c2a8050a78f817924ca/page/page_3/
2021-04-14,532972,202663,26,735661,"Moderna, Oxford/AstraZeneca, Pfizer/BioNTech",Lithuania,https://experience.arcgis.com/experience/cab84dcfe0464c2a8050a78f817924ca/page/page_3/
2021-04-15,551044,207837,27,758908,"Moderna, Oxford/AstraZeneca, Pfizer/BioNTech",Lithuania,https://experience.arcgis.com/experience/cab84dcfe0464c2a8050a78f817924ca/page/page_3/
2021-04-16,566636,212739,28,779403,"Moderna, Oxford/AstraZeneca, Pfizer/BioNTech",Lithuania,https://experience.arcgis.com/experience/cab84dcfe0464c2a8050a78f817924ca/page/page_3/
2021-04-17,568955,212939,28,781922,"Moderna, Oxford/AstraZeneca, Pfizer/BioNTech",Lithuania,https://experience.arcgis.com/experience/cab84dcfe0464c2a8050a78f817924ca/page/page_3/
2021-04-18,569038,212942,28,782008,"Moderna, Oxford/AstraZeneca, Pfizer/BioNTech",Lithuania,https://experience.arcgis.com/experience/cab84dcfe0464c2a8050a78f817924ca/page/page_3/
2021-04-19,573896,213942,28,787866,"Moderna, Oxford/AstraZeneca, Pfizer/BioNTech",Lithuania,https://experience.arcgis.com/experience/cab84dcfe0464c2a8050a78f817924ca/page/page_3/
2021-04-20,584614,218520,29,803163,"Moderna, Oxford/AstraZeneca, Pfizer/BioNTech",Lithuania,https://experience.arcgis.com/experience/cab84dcfe0464c2a8050a78f817924ca/page/page_3/
2021-04-21,598504,231363,32,829897,"Johnson&Johnson, Moderna, Oxford/AstraZeneca, Pfizer/BioNTech",Lithuania,https://experience.arcgis.com/experience/cab84dcfe0464c2a8050a78f817924ca/page/page_3/
2021-04-22,614242,241862,34,856136,"Johnson&Johnson, Moderna, Oxford/AstraZeneca, Pfizer/BioNTech",Lithuania,https://experience.arcgis.com/experience/cab84dcfe0464c2a8050a78f817924ca/page/page_3/
2021-04-23,630838,249961,40,880837,"Johnson&Johnson, Moderna, Oxford/AstraZeneca, Pfizer/BioNTech",Lithuania,https://experience.arcgis.com/experience/cab84dcfe0464c2a8050a78f817924ca/page/page_3/
2021-04-24,634816,250555,40,885409,"Johnson&Johnson, Moderna, Oxford/AstraZeneca, Pfizer/BioNTech",Lithuania,https://experience.arcgis.com/experience/cab84dcfe0464c2a8050a78f817924ca/page/page_3/
2021-04-25,635088,250560,40,885686,"Johnson&Johnson, Moderna, Oxford/AstraZeneca, Pfizer/BioNTech",Lithuania,https://experience.arcgis.com/experience/cab84dcfe0464c2a8050a78f817924ca/page/page_3/
2021-04-26,640013,251823,40,891869,"Johnson&Johnson, Moderna, Oxford/AstraZeneca, Pfizer/BioNTech",Lithuania,https://experience.arcgis.com/experience/cab84dcfe0464c2a8050a78f817924ca/page/page_3/
2021-04-27,651871,253067,40,904946,"Johnson&Johnson, Moderna, Oxford/AstraZeneca, Pfizer/BioNTech",Lithuania,https://experience.arcgis.com/experience/cab84dcfe0464c2a8050a78f817924ca/page/page_3/
2021-04-28,665740,254604,42,920273,"Johnson&Johnson, Moderna, Oxford/AstraZeneca, Pfizer/BioNTech",Lithuania,https://experience.arcgis.com/experience/cab84dcfe0464c2a8050a78f817924ca/page/page_3/
2021-04-29,678687,274445,49,953013,"Johnson&Johnson, Moderna, Oxford/AstraZeneca, Pfizer/BioNTech",Lithuania,https://experience.arcgis.com/experience/cab84dcfe0464c2a8050a78f817924ca/page/page_3/
2021-04-30,690016,300960,55,990797,"Johnson&Johnson, Moderna, Oxford/AstraZeneca, Pfizer/BioNTech",Lithuania,https://experience.arcgis.com/experience/cab84dcfe0464c2a8050a78f817924ca/page/page_3/
2021-05-01,696725,310059,58,1006587,"Johnson&Johnson, Moderna, Oxford/AstraZeneca, Pfizer/BioNTech",Lithuania,https://experience.arcgis.com/experience/cab84dcfe0464c2a8050a78f817924ca/page/page_3/
2021-05-02,696755,310779,58,1007337,"Johnson&Johnson, Moderna, Oxford/AstraZeneca, Pfizer/BioNTech",Lithuania,https://experience.arcgis.com/experience/cab84dcfe0464c2a8050a78f817924ca/page/page_3/
2021-05-03,706173,314787,58,1020698,"Johnson&Johnson, Moderna, Oxford/AstraZeneca, Pfizer/BioNTech",Lithuania,https://experience.arcgis.com/experience/cab84dcfe0464c2a8050a78f817924ca/page/page_3/
2021-05-04,717333,332003,62,1048922,"Johnson&Johnson, Moderna, Oxford/AstraZeneca, Pfizer/BioNTech",Lithuania,https://experience.arcgis.com/experience/cab84dcfe0464c2a8050a78f817924ca/page/page_3/
2021-05-05,729921,354238,69,1083487,"Johnson&Johnson, Moderna, Oxford/AstraZeneca, Pfizer/BioNTech",Lithuania,https://experience.arcgis.com/experience/cab84dcfe0464c2a8050a78f817924ca/page/page_3/
2021-05-06,744967,374862,74,1118837,"Johnson&Johnson, Moderna, Oxford/AstraZeneca, Pfizer/BioNTech",Lithuania,https://experience.arcgis.com/experience/cab84dcfe0464c2a8050a78f817924ca/page/page_3/
2021-05-07,764059,389700,79,1151914,"Johnson&Johnson, Moderna, Oxford/AstraZeneca, Pfizer/BioNTech",Lithuania,https://experience.arcgis.com/experience/cab84dcfe0464c2a8050a78f817924ca/page/page_3/
2021-05-08,778187,391398,79,1167591,"Johnson&Johnson, Moderna, Oxford/AstraZeneca, Pfizer/BioNTech",Lithuania,https://experience.arcgis.com/experience/cab84dcfe0464c2a8050a78f817924ca/page/page_3/
2021-05-09,785271,391455,79,1174731,"Johnson&Johnson, Moderna, Oxford/AstraZeneca, Pfizer/BioNTech",Lithuania,https://experience.arcgis.com/experience/cab84dcfe0464c2a8050a78f817924ca/page/page_3/
2021-05-10,800912,396493,80,1194583,"Johnson&Johnson, Moderna, Oxford/AstraZeneca, Pfizer/BioNTech",Lithuania,https://experience.arcgis.com/experience/cab84dcfe0464c2a8050a78f817924ca/page/page_3/
2021-05-11,816694,407253,83,1220762,"Johnson&Johnson, Moderna, Oxford/AstraZeneca, Pfizer/BioNTech",Lithuania,https://experience.arcgis.com/experience/cab84dcfe0464c2a8050a78f817924ca/page/page_3/
2021-05-12,835225,420509,85,1252333,"Johnson&Johnson, Moderna, Oxford/AstraZeneca, Pfizer/BioNTech",Lithuania,https://experience.arcgis.com/experience/cab84dcfe0464c2a8050a78f817924ca/page/page_3/
2021-05-13,851832,434202,86,1282174,"Johnson&Johnson, Moderna, Oxford/AstraZeneca, Pfizer/BioNTech",Lithuania,https://experience.arcgis.com/experience/cab84dcfe0464c2a8050a78f817924ca/page/page_3/
2021-05-14,868403,449284,94,1313503,"Johnson&Johnson, Moderna, Oxford/AstraZeneca, Pfizer/BioNTech",Lithuania,https://experience.arcgis.com/experience/cab84dcfe0464c2a8050a78f817924ca/page/page_3/
2021-05-15,871513,452334,94,1319647,"Johnson&Johnson, Moderna, Oxford/AstraZeneca, Pfizer/BioNTech",Lithuania,https://experience.arcgis.com/experience/cab84dcfe0464c2a8050a78f817924ca/page/page_3/
2021-05-16,871806,452546,94,1320152,"Johnson&Johnson, Moderna, Oxford/AstraZeneca, Pfizer/BioNTech",Lithuania,https://experience.arcgis.com/experience/cab84dcfe0464c2a8050a78f817924ca/page/page_3/
2021-05-17,882583,457583,97,1335534,"Johnson&Johnson, Moderna, Oxford/AstraZeneca, Pfizer/BioNTech",Lithuania,https://experience.arcgis.com/experience/cab84dcfe0464c2a8050a78f817924ca/page/page_3/
2021-05-18,893355,471536,100,1359634,"Johnson&Johnson, Moderna, Oxford/AstraZeneca, Pfizer/BioNTech",Lithuania,https://experience.arcgis.com/experience/cab84dcfe0464c2a8050a78f817924ca/page/page_3/
2021-05-19,909687,488471,111,1392256,"Johnson&Johnson, Moderna, Oxford/AstraZeneca, Pfizer/BioNTech",Lithuania,https://experience.arcgis.com/experience/cab84dcfe0464c2a8050a78f817924ca/page/page_3/
2021-05-20,925511,505492,119,1423927,"Johnson&Johnson, Moderna, Oxford/AstraZeneca, Pfizer/BioNTech",Lithuania,https://experience.arcgis.com/experience/cab84dcfe0464c2a8050a78f817924ca/page/page_3/
2021-05-21,936092,520891,126,1448928,"Johnson&Johnson, Moderna, Oxford/AstraZeneca, Pfizer/BioNTech",Lithuania,https://experience.arcgis.com/experience/cab84dcfe0464c2a8050a78f817924ca/page/page_3/
2021-05-22,938499,527594,127,1457822,"Johnson&Johnson, Moderna, Oxford/AstraZeneca, Pfizer/BioNTech",Lithuania,https://experience.arcgis.com/experience/cab84dcfe0464c2a8050a78f817924ca/page/page_3/
2021-05-23,939991,527947,127,1459342,"Johnson&Johnson, Moderna, Oxford/AstraZeneca, Pfizer/BioNTech",Lithuania,https://experience.arcgis.com/experience/cab84dcfe0464c2a8050a78f817924ca/page/page_3/
2021-05-24,945405,537129,129,1472864,"Johnson&Johnson, Moderna, Oxford/AstraZeneca, Pfizer/BioNTech",Lithuania,https://experience.arcgis.com/experience/cab84dcfe0464c2a8050a78f817924ca/page/page_3/
2021-05-25,960333,548015,136,1497777,"Johnson&Johnson, Moderna, Oxford/AstraZeneca, Pfizer/BioNTech",Lithuania,https://experience.arcgis.com/experience/cab84dcfe0464c2a8050a78f817924ca/page/page_3/
2021-05-26,976662,561057,140,1526341,"Johnson&Johnson, Moderna, Oxford/AstraZeneca, Pfizer/BioNTech",Lithuania,https://experience.arcgis.com/experience/cab84dcfe0464c2a8050a78f817924ca/page/page_3/
2021-05-27,991864,576348,156,1555756,"Johnson&Johnson, Moderna, Oxford/AstraZeneca, Pfizer/BioNTech",Lithuania,https://experience.arcgis.com/experience/cab84dcfe0464c2a8050a78f817924ca/page/page_3/
2021-05-28,1008901,591927,159,1586900,"Johnson&Johnson, Moderna, Oxford/AstraZeneca, Pfizer/BioNTech",Lithuania,https://experience.arcgis.com/experience/cab84dcfe0464c2a8050a78f817924ca/page/page_3/
2021-05-29,1014384,598007,159,1595356,"Johnson&Johnson, Moderna, Oxford/AstraZeneca, Pfizer/BioNTech",Lithuania,https://experience.arcgis.com/experience/cab84dcfe0464c2a8050a78f817924ca/page/page_3/
2021-05-30,1014949,598037,159,1595951,"Johnson&Johnson, Moderna, Oxford/AstraZeneca, Pfizer/BioNTech",Lithuania,https://experience.arcgis.com/experience/cab84dcfe0464c2a8050a78f817924ca/page/page_3/
2021-05-31,1020087,611446,164,1614077,"Johnson&Johnson, Moderna, Oxford/AstraZeneca, Pfizer/BioNTech",Lithuania,https://experience.arcgis.com/experience/cab84dcfe0464c2a8050a78f817924ca/page/page_3/
2021-06-01,1038057,626402,165,1646290,"Johnson&Johnson, Moderna, Oxford/AstraZeneca, Pfizer/BioNTech",Lithuania,https://experience.arcgis.com/experience/cab84dcfe0464c2a8050a78f817924ca/page/page_3/
2021-06-02,1057181,648098,171,1686408,"Johnson&Johnson, Moderna, Oxford/AstraZeneca, Pfizer/BioNTech",Lithuania,https://experience.arcgis.com/experience/cab84dcfe0464c2a8050a78f817924ca/page/page_3/
2021-06-03,1077891,665105,175,1723026,"Johnson&Johnson, Moderna, Oxford/AstraZeneca, Pfizer/BioNTech",Lithuania,https://experience.arcgis.com/experience/cab84dcfe0464c2a8050a78f817924ca/page/page_3/
2021-06-04,1097710,688021,181,1764222,"Johnson&Johnson, Moderna, Oxford/AstraZeneca, Pfizer/BioNTech",Lithuania,https://experience.arcgis.com/experience/cab84dcfe0464c2a8050a78f817924ca/page/page_3/
2021-06-05,1110052,694018,182,1780172,"Johnson&Johnson, Moderna, Oxford/AstraZeneca, Pfizer/BioNTech",Lithuania,https://experience.arcgis.com/experience/cab84dcfe0464c2a8050a78f817924ca/page/page_3/
2021-06-06,1115474,694219,182,1785791,"Johnson&Johnson, Moderna, Oxford/AstraZeneca, Pfizer/BioNTech",Lithuania,https://experience.arcgis.com/experience/cab84dcfe0464c2a8050a78f817924ca/page/page_3/
2021-06-07,1122301,710569,191,1807369,"Johnson&Johnson, Moderna, Oxford/AstraZeneca, Pfizer/BioNTech",Lithuania,https://experience.arcgis.com/experience/cab84dcfe0464c2a8050a78f817924ca/page/page_3/
2021-06-08,1134258,726623,195,1833821,"Johnson&Johnson, Moderna, Oxford/AstraZeneca, Pfizer/BioNTech",Lithuania,https://experience.arcgis.com/experience/cab84dcfe0464c2a8050a78f817924ca/page/page_3/
2021-06-09,1145832,744749,199,1861606,"Johnson&Johnson, Moderna, Oxford/AstraZeneca, Pfizer/BioNTech",Lithuania,https://experience.arcgis.com/experience/cab84dcfe0464c2a8050a78f817924ca/page/page_3/
2021-06-10,1154799,762720,205,1886760,"Johnson&Johnson, Moderna, Oxford/AstraZeneca, Pfizer/BioNTech",Lithuania,https://experience.arcgis.com/experience/cab84dcfe0464c2a8050a78f817924ca/page/page_3/
2021-06-11,1165672,776738,209,1909875,"Johnson&Johnson, Moderna, Oxford/AstraZeneca, Pfizer/BioNTech",Lithuania,https://experience.arcgis.com/experience/cab84dcfe0464c2a8050a78f817924ca/page/page_3/
2021-06-12,1169729,779604,210,1915818,"Johnson&Johnson, Moderna, Oxford/AstraZeneca, Pfizer/BioNTech",Lithuania,https://experience.arcgis.com/experience/cab84dcfe0464c2a8050a78f817924ca/page/page_3/
2021-06-13,1172877,783682,210,1920018,"Johnson&Johnson, Moderna, Oxford/AstraZeneca, Pfizer/BioNTech",Lithuania,https://experience.arcgis.com/experience/cab84dcfe0464c2a8050a78f817924ca/page/page_3/
2021-06-14,1176981,799898,218,1939675,"Johnson&Johnson, Moderna, Oxford/AstraZeneca, Pfizer/BioNTech",Lithuania,https://experience.arcgis.com/experience/cab84dcfe0464c2a8050a78f817924ca/page/page_3/
2021-06-15,1185098,818064,222,1964007,"Johnson&Johnson, Moderna, Oxford/AstraZeneca, Pfizer/BioNTech",Lithuania,https://experience.arcgis.com/experience/cab84dcfe0464c2a8050a78f817924ca/page/page_3/
2021-06-16,1192015,841167,232,1992889,"Johnson&Johnson, Moderna, Oxford/AstraZeneca, Pfizer/BioNTech",Lithuania,https://experience.arcgis.com/experience/cab84dcfe0464c2a8050a78f817924ca/page/page_3/
2021-06-17,1201827,861630,239,2021905,"Johnson&Johnson, Moderna, Oxford/AstraZeneca, Pfizer/BioNTech",Lithuania,https://experience.arcgis.com/experience/cab84dcfe0464c2a8050a78f817924ca/page/page_3/
2021-06-18,1207793,881785,248,2047548,"Johnson&Johnson, Moderna, Oxford/AstraZeneca, Pfizer/BioNTech",Lithuania,https://experience.arcgis.com/experience/cab84dcfe0464c2a8050a78f817924ca/page/page_3/
2021-06-19,1209040,887618,249,2054059,"Johnson&Johnson, Moderna, Oxford/AstraZeneca, Pfizer/BioNTech",Lithuania,https://experience.arcgis.com/experience/cab84dcfe0464c2a8050a78f817924ca/page/page_3/
2021-06-20,1209401,888583,249,2055118,"Johnson&Johnson, Moderna, Oxford/AstraZeneca, Pfizer/BioNTech",Lithuania,https://experience.arcgis.com/experience/cab84dcfe0464c2a8050a78f817924ca/page/page_3/
2021-06-21,1214052,901091,254,2071190,"Johnson&Johnson, Moderna, Oxford/AstraZeneca, Pfizer/BioNTech",Lithuania,https://experience.arcgis.com/experience/cab84dcfe0464c2a8050a78f817924ca/page/page_3/
2021-06-22,1218097,922922,257,2096579,"Johnson&Johnson, Moderna, Oxford/AstraZeneca, Pfizer/BioNTech",Lithuania,https://experience.arcgis.com/experience/cab84dcfe0464c2a8050a78f817924ca/page/page_3/
2021-06-23,1221427,947210,270,2124134,"Johnson&Johnson, Moderna, Oxford/AstraZeneca, Pfizer/BioNTech",Lithuania,https://experience.arcgis.com/experience/cab84dcfe0464c2a8050a78f817924ca/page/page_3/
2021-06-24,1223039,955978,271,2134380,"Johnson&Johnson, Moderna, Oxford/AstraZeneca, Pfizer/BioNTech",Lithuania,https://experience.arcgis.com/experience/cab84dcfe0464c2a8050a78f817924ca/page/page_3/
2021-06-25,1227267,981159,278,2163361,"Johnson&Johnson, Moderna, Oxford/AstraZeneca, Pfizer/BioNTech",Lithuania,https://experience.arcgis.com/experience/cab84dcfe0464c2a8050a78f817924ca/page/page_3/
2021-06-26,1228207,988672,280,2171795,"Johnson&Johnson, Moderna, Oxford/AstraZeneca, Pfizer/BioNTech",Lithuania,https://experience.arcgis.com/experience/cab84dcfe0464c2a8050a78f817924ca/page/page_3/
2021-06-27,1228850,994329,280,2178022,"Johnson&Johnson, Moderna, Oxford/AstraZeneca, Pfizer/BioNTech",Lithuania,https://experience.arcgis.com/experience/cab84dcfe0464c2a8050a78f817924ca/page/page_3/
2021-06-28,1231972,1011536,284,2197978,"Johnson&Johnson, Moderna, Oxford/AstraZeneca, Pfizer/BioNTech",Lithuania,https://experience.arcgis.com/experience/cab84dcfe0464c2a8050a78f817924ca/page/page_3/
2021-06-29,1236332,1033476,286,2222924,"Johnson&Johnson, Moderna, Oxford/AstraZeneca, Pfizer/BioNTech",Lithuania,https://experience.arcgis.com/experience/cab84dcfe0464c2a8050a78f817924ca/page/page_3/
2021-06-30,1241858,1053131,295,2246367,"Johnson&Johnson, Moderna, Oxford/AstraZeneca, Pfizer/BioNTech",Lithuania,https://experience.arcgis.com/experience/cab84dcfe0464c2a8050a78f817924ca/page/page_3/
2021-07-01,1247322,1066382,297,2263651,"Johnson&Johnson, Moderna, Oxford/AstraZeneca, Pfizer/BioNTech",Lithuania,https://experience.arcgis.com/experience/cab84dcfe0464c2a8050a78f817924ca/page/page_3/
2021-07-02,1252118,1082505,302,2283331,"Johnson&Johnson, Moderna, Oxford/AstraZeneca, Pfizer/BioNTech",Lithuania,https://experience.arcgis.com/experience/cab84dcfe0464c2a8050a78f817924ca/page/page_3/
2021-07-03,1254106,1086673,302,2289035,"Johnson&Johnson, Moderna, Oxford/AstraZeneca, Pfizer/BioNTech",Lithuania,https://experience.arcgis.com/experience/cab84dcfe0464c2a8050a78f817924ca/page/page_3/
2021-07-04,1254391,1087042,302,2289488,"Johnson&Johnson, Moderna, Oxford/AstraZeneca, Pfizer/BioNTech",Lithuania,https://experience.arcgis.com/experience/cab84dcfe0464c2a8050a78f817924ca/page/page_3/
2021-07-05,1258006,1097294,307,2302555,"Johnson&Johnson, Moderna, Oxford/AstraZeneca, Pfizer/BioNTech",Lithuania,https://experience.arcgis.com/experience/cab84dcfe0464c2a8050a78f817924ca/page/page_3/
2021-07-06,1259460,1100834,307,2307269,"Johnson&Johnson, Moderna, Oxford/AstraZeneca, Pfizer/BioNTech",Lithuania,https://experience.arcgis.com/experience/cab84dcfe0464c2a8050a78f817924ca/page/page_3/
2021-07-07,1264816,1113409,315,2323530,"Johnson&Johnson, Moderna, Oxford/AstraZeneca, Pfizer/BioNTech",Lithuania,https://experience.arcgis.com/experience/cab84dcfe0464c2a8050a78f817924ca/page/page_3/
2021-07-08,1270479,1126771,321,2340491,"Johnson&Johnson, Moderna, Oxford/AstraZeneca, Pfizer/BioNTech",Lithuania,https://experience.arcgis.com/experience/cab84dcfe0464c2a8050a78f817924ca/page/page_3/
2021-07-09,1275669,1137504,328,2354939,"Johnson&Johnson, Moderna, Oxford/AstraZeneca, Pfizer/BioNTech",Lithuania,https://experience.arcgis.com/experience/cab84dcfe0464c2a8050a78f817924ca/page/page_3/
2021-07-10,1277673,1141108,328,2359092,"Johnson&Johnson, Moderna, Oxford/AstraZeneca, Pfizer/BioNTech",Lithuania,https://experience.arcgis.com/experience/cab84dcfe0464c2a8050a78f817924ca/page/page_3/
2021-07-11,1277890,1141304,328,2359386,"Johnson&Johnson, Moderna, Oxford/AstraZeneca, Pfizer/BioNTech",Lithuania,https://experience.arcgis.com/experience/cab84dcfe0464c2a8050a78f817924ca/page/page_3/
2021-07-12,1280946,1150632,332,2370945,"Johnson&Johnson, Moderna, Oxford/AstraZeneca, Pfizer/BioNTech",Lithuania,https://experience.arcgis.com/experience/cab84dcfe0464c2a8050a78f817924ca/page/page_3/
2021-07-13,1285241,1157708,333,2380873,"Johnson&Johnson, Moderna, Oxford/AstraZeneca, Pfizer/BioNTech",Lithuania,https://experience.arcgis.com/experience/cab84dcfe0464c2a8050a78f817924ca/page/page_3/
2021-07-14,1289557,1163379,335,2389684,"Johnson&Johnson, Moderna, Oxford/AstraZeneca, Pfizer/BioNTech",Lithuania,https://experience.arcgis.com/experience/cab84dcfe0464c2a8050a78f817924ca/page/page_3/
2021-07-15,1296238,1170385,341,2400539,"Johnson&Johnson, Moderna, Oxford/AstraZeneca, Pfizer/BioNTech",Lithuania,https://experience.arcgis.com/experience/cab84dcfe0464c2a8050a78f817924ca/page/page_3/
2021-07-16,1302588,1178924,350,2413053,"Johnson&Johnson, Moderna, Oxford/AstraZeneca, Pfizer/BioNTech",Lithuania,https://experience.arcgis.com/experience/cab84dcfe0464c2a8050a78f817924ca/page/page_3/
2021-07-17,1304453,1180767,351,2416191,"Johnson&Johnson, Moderna, Oxford/AstraZeneca, Pfizer/BioNTech",Lithuania,https://experience.arcgis.com/experience/cab84dcfe0464c2a8050a78f817924ca/page/page_3/
2021-07-18,1305370,1181545,351,2417728,"Johnson&Johnson, Moderna, Oxford/AstraZeneca, Pfizer/BioNTech",Lithuania,https://experience.arcgis.com/experience/cab84dcfe0464c2a8050a78f817924ca/page/page_3/
2021-07-19,1309954,1188666,355,2428625,"Johnson&Johnson, Moderna, Oxford/AstraZeneca, Pfizer/BioNTech",Lithuania,https://experience.arcgis.com/experience/cab84dcfe0464c2a8050a78f817924ca/page/page_3/
2021-07-20,1317085,1194844,355,2440183,"Johnson&Johnson, Moderna, Oxford/AstraZeneca, Pfizer/BioNTech",Lithuania,https://experience.arcgis.com/experience/cab84dcfe0464c2a8050a78f817924ca/page/page_3/
2021-07-21,1325160,1200577,360,2453237,"Johnson&Johnson, Moderna, Oxford/AstraZeneca, Pfizer/BioNTech",Lithuania,https://experience.arcgis.com/experience/cab84dcfe0464c2a8050a78f817924ca/page/page_3/
2021-07-22,1337052,1207199,363,2470205,"Johnson&Johnson, Moderna, Oxford/AstraZeneca, Pfizer/BioNTech",Lithuania,https://experience.arcgis.com/experience/cab84dcfe0464c2a8050a78f817924ca/page/page_3/
2021-07-23,1348807,1213191,367,2486184,"Johnson&Johnson, Moderna, Oxford/AstraZeneca, Pfizer/BioNTech",Lithuania,https://experience.arcgis.com/experience/cab84dcfe0464c2a8050a78f817924ca/page/page_3/
2021-07-24,1351939,1214579,367,2490078,"Johnson&Johnson, Moderna, Oxford/AstraZeneca, Pfizer/BioNTech",Lithuania,https://experience.arcgis.com/experience/cab84dcfe0464c2a8050a78f817924ca/page/page_3/
2021-07-25,1353234,1215354,367,2491535,"Johnson&Johnson, Moderna, Oxford/AstraZeneca, Pfizer/BioNTech",Lithuania,https://experience.arcgis.com/experience/cab84dcfe0464c2a8050a78f817924ca/page/page_3/
2021-07-26,1363330,1222756,370,2507737,"Johnson&Johnson, Moderna, Oxford/AstraZeneca, Pfizer/BioNTech",Lithuania,https://experience.arcgis.com/experience/cab84dcfe0464c2a8050a78f817924ca/page/page_3/
2021-07-27,1374242,1227943,375,2522855,"Johnson&Johnson, Moderna, Oxford/AstraZeneca, Pfizer/BioNTech",Lithuania,https://experience.arcgis.com/experience/cab84dcfe0464c2a8050a78f817924ca/page/page_3/
2021-07-28,1385873,1233441,378,2539712,"Johnson&Johnson, Moderna, Oxford/AstraZeneca, Pfizer/BioNTech",Lithuania,https://experience.arcgis.com/experience/cab84dcfe0464c2a8050a78f817924ca/page/page_3/
2021-07-29,1401432,1239397,385,2560766,"Johnson&Johnson, Moderna, Oxford/AstraZeneca, Pfizer/BioNTech",Lithuania,https://experience.arcgis.com/experience/cab84dcfe0464c2a8050a78f817924ca/page/page_3/
2021-07-30,1411830,1246102,388,2577107,"Johnson&Johnson, Moderna, Oxford/AstraZeneca, Pfizer/BioNTech",Lithuania,https://experience.arcgis.com/experience/cab84dcfe0464c2a8050a78f817924ca/page/page_3/
2021-07-31,1415128,1249985,388,2583395,"Johnson&Johnson, Moderna, Oxford/AstraZeneca, Pfizer/BioNTech",Lithuania,https://experience.arcgis.com/experience/cab84dcfe0464c2a8050a78f817924ca/page/page_3/
2021-08-01,1415919,1252401,388,2586246,"Johnson&Johnson, Moderna, Oxford/AstraZeneca, Pfizer/BioNTech",Lithuania,https://experience.arcgis.com/experience/cab84dcfe0464c2a8050a78f817924ca/page/page_3/
2021-08-02,1423253,1262057,392,2602262,"Johnson&Johnson, Moderna, Oxford/AstraZeneca, Pfizer/BioNTech",Lithuania,https://experience.arcgis.com/experience/cab84dcfe0464c2a8050a78f817924ca/page/page_3/
2021-08-03,1432227,1266787,400,2615095,"Johnson&Johnson, Moderna, Oxford/AstraZeneca, Pfizer/BioNTech",Lithuania,https://experience.arcgis.com/experience/cab84dcfe0464c2a8050a78f817924ca/page/page_3/
2021-08-04,1444229,1274191,412,2630957,"Johnson&Johnson, Moderna, Oxford/AstraZeneca, Pfizer/BioNTech",Lithuania,https://experience.arcgis.com/experience/cab84dcfe0464c2a8050a78f817924ca/page/page_3/
2021-08-05,1465344,1288837,422,2656346,"Johnson&Johnson, Moderna, Oxford/AstraZeneca, Pfizer/BioNTech",Lithuania,https://experience.arcgis.com/experience/cab84dcfe0464c2a8050a78f817924ca/page/page_3/
2021-08-06,1483851,1302009,479,2679495,"Johnson&Johnson, Moderna, Oxford/AstraZeneca, Pfizer/BioNTech",Lithuania,https://experience.arcgis.com/experience/cab84dcfe0464c2a8050a78f817924ca/page/page_3/
2021-08-07,1489628,1306875,481,2686022,"Johnson&Johnson, Moderna, Oxford/AstraZeneca, Pfizer/BioNTech",Lithuania,https://experience.arcgis.com/experience/cab84dcfe0464c2a8050a78f817924ca/page/page_3/
2021-08-08,1490775,1307789,482,2687235,"Johnson&Johnson, Moderna, Oxford/AstraZeneca, Pfizer/BioNTech",Lithuania,https://experience.arcgis.com/experience/cab84dcfe0464c2a8050a78f817924ca/page/page_3/
2021-08-09,1503853,1318790,494,2705274,"Johnson&Johnson, Moderna, Oxford/AstraZeneca, Pfizer/BioNTech",Lithuania,https://experience.arcgis.com/experience/cab84dcfe0464c2a8050a78f817924ca/page/page_3/
2021-08-10,1515401,1329135,505,2721794,"Johnson&Johnson, Moderna, Oxford/AstraZeneca, Pfizer/BioNTech",Lithuania,https://experience.arcgis.com/experience/cab84dcfe0464c2a8050a78f817924ca/page/page_3/
2021-08-11,1526734,1340625,591,2739973,"Johnson&Johnson, Moderna, Oxford/AstraZeneca, Pfizer/BioNTech",Lithuania,https://experience.arcgis.com/experience/cab84dcfe0464c2a8050a78f817924ca/page/page_3/
2021-08-12,1540975,1355162,607,2762921,"Johnson&Johnson, Moderna, Oxford/AstraZeneca, Pfizer/BioNTech",Lithuania,https://experience.arcgis.com/experience/cab84dcfe0464c2a8050a78f817924ca/page/page_3/
2021-08-13,1552437,1367962,714,2782640,"Johnson&Johnson, Moderna, Oxford/AstraZeneca, Pfizer/BioNTech",Lithuania,https://experience.arcgis.com/experience/cab84dcfe0464c2a8050a78f817924ca/page/page_3/
2021-08-14,1555139,1370415,714,2786338,"Johnson&Johnson, Moderna, Oxford/AstraZeneca, Pfizer/BioNTech",Lithuania,https://experience.arcgis.com/experience/cab84dcfe0464c2a8050a78f817924ca/page/page_3/
2021-08-15,1555882,1371027,715,2787205,"Johnson&Johnson, Moderna, Oxford/AstraZeneca, Pfizer/BioNTech",Lithuania,https://experience.arcgis.com/experience/cab84dcfe0464c2a8050a78f817924ca/page/page_3/
2021-08-16,1566401,1385128,735,2807405,"Johnson&Johnson, Moderna, Oxford/AstraZeneca, Pfizer/BioNTech",Lithuania,https://experience.arcgis.com/experience/cab84dcfe0464c2a8050a78f817924ca/page/page_3/
2021-08-17,1574942,1396336,774,2824515,"Johnson&Johnson, Moderna, Oxford/AstraZeneca, Pfizer/BioNTech",Lithuania,https://experience.arcgis.com/experience/cab84dcfe0464c2a8050a78f817924ca/page/page_3/
2021-08-18,1587100,1411568,920,2846770,"Johnson&Johnson, Moderna, Oxford/AstraZeneca, Pfizer/BioNTech",Lithuania,https://experience.arcgis.com/experience/cab84dcfe0464c2a8050a78f817924ca/page/page_3/
2021-08-19,1597856,1427988,1017,2870489,"Johnson&Johnson, Moderna, Oxford/AstraZeneca, Pfizer/BioNTech",Lithuania,https://experience.arcgis.com/experience/cab84dcfe0464c2a8050a78f817924ca/page/page_3/
2021-08-20,1607294,1440407,1141,2889267,"Johnson&Johnson, Moderna, Oxford/AstraZeneca, Pfizer/BioNTech",Lithuania,https://experience.arcgis.com/experience/cab84dcfe0464c2a8050a78f817924ca/page/page_3/
2021-08-21,1609392,1442355,1142,2892493,"Johnson&Johnson, Moderna, Oxford/AstraZeneca, Pfizer/BioNTech",Lithuania,https://experience.arcgis.com/experience/cab84dcfe0464c2a8050a78f817924ca/page/page_3/
2021-08-22,1609811,1442755,1142,2893057,"Johnson&Johnson, Moderna, Oxford/AstraZeneca, Pfizer/BioNTech",Lithuania,https://experience.arcgis.com/experience/cab84dcfe0464c2a8050a78f817924ca/page/page_3/
2021-08-23,1617772,1453626,1169,2908832,"Johnson&Johnson, Moderna, Oxford/AstraZeneca, Pfizer/BioNTech",Lithuania,https://experience.arcgis.com/experience/cab84dcfe0464c2a8050a78f817924ca/page/page_3/
2021-08-24,1623939,1462935,1210,2922590,"Johnson&Johnson, Moderna, Oxford/AstraZeneca, Pfizer/BioNTech",Lithuania,https://experience.arcgis.com/experience/cab84dcfe0464c2a8050a78f817924ca/page/page_3/
2021-08-25,1631691,1473433,1339,2938342,"Johnson&Johnson, Moderna, Oxford/AstraZeneca, Pfizer/BioNTech",Lithuania,https://experience.arcgis.com/experience/cab84dcfe0464c2a8050a78f817924ca/page/page_3/
2021-08-26,1639775,1485699,1458,2956638,"Johnson&Johnson, Moderna, Oxford/AstraZeneca, Pfizer/BioNTech",Lithuania,https://experience.arcgis.com/experience/cab84dcfe0464c2a8050a78f817924ca/page/page_3/
2021-08-27,1647467,1497104,1520,2973368,"Johnson&Johnson, Moderna, Oxford/AstraZeneca, Pfizer/BioNTech",Lithuania,https://experience.arcgis.com/experience/cab84dcfe0464c2a8050a78f817924ca/page/page_3/
2021-08-28,1649044,1498488,1521,2975802,"Johnson&Johnson, Moderna, Oxford/AstraZeneca, Pfizer/BioNTech",Lithuania,https://experience.arcgis.com/experience/cab84dcfe0464c2a8050a78f817924ca/page/page_3/
2021-08-29,1649389,1498718,1521,2976262,"Johnson&Johnson, Moderna, Oxford/AstraZeneca, Pfizer/BioNTech",Lithuania,https://experience.arcgis.com/experience/cab84dcfe0464c2a8050a78f817924ca/page/page_3/
2021-08-30,1654878,1508187,1538,2989767,"Johnson&Johnson, Moderna, Oxford/AstraZeneca, Pfizer/BioNTech",Lithuania,https://experience.arcgis.com/experience/cab84dcfe0464c2a8050a78f817924ca/page/page_3/
2021-08-31,1659947,1515367,1557,3000672,"Johnson&Johnson, Moderna, Oxford/AstraZeneca, Pfizer/BioNTech",Lithuania,https://experience.arcgis.com/experience/cab84dcfe0464c2a8050a78f817924ca/page/page_3/
2021-09-01,1664788,1522033,1632,3011116,"Johnson&Johnson, Moderna, Oxford/AstraZeneca, Pfizer/BioNTech",Lithuania,https://experience.arcgis.com/experience/cab84dcfe0464c2a8050a78f817924ca/page/page_3/
2021-09-02,1670562,1531228,1694,3024854,"Johnson&Johnson, Moderna, Oxford/AstraZeneca, Pfizer/BioNTech",Lithuania,https://experience.arcgis.com/experience/cab84dcfe0464c2a8050a78f817924ca/page/page_3/
2021-09-03,1675453,1539022,1748,3036991,"Johnson&Johnson, Moderna, Oxford/AstraZeneca, Pfizer/BioNTech",Lithuania,https://experience.arcgis.com/experience/cab84dcfe0464c2a8050a78f817924ca/page/page_3/
2021-09-04,1676967,1540289,1754,3039301,"Johnson&Johnson, Moderna, Oxford/AstraZeneca, Pfizer/BioNTech",Lithuania,https://experience.arcgis.com/experience/cab84dcfe0464c2a8050a78f817924ca/page/page_3/
2021-09-05,1677080,1540422,1754,3039544,"Johnson&Johnson, Moderna, Oxford/AstraZeneca, Pfizer/BioNTech",Lithuania,https://experience.arcgis.com/experience/cab84dcfe0464c2a8050a78f817924ca/page/page_3/
2021-09-06,1680980,1547400,1783,3049673,"Johnson&Johnson, Moderna, Oxford/AstraZeneca, Pfizer/BioNTech",Lithuania,https://experience.arcgis.com/experience/cab84dcfe0464c2a8050a78f817924ca/page/page_3/
2021-09-07,1684936,1553472,2109,3059107,"Johnson&Johnson, Moderna, Oxford/AstraZeneca, Pfizer/BioNTech",Lithuania,https://experience.arcgis.com/experience/cab84dcfe0464c2a8050a78f817924ca/page/page_3/
2021-09-08,1688740,1559550,3036,3069589,"Johnson&Johnson, Moderna, Oxford/AstraZeneca, Pfizer/BioNTech",Lithuania,https://experience.arcgis.com/experience/cab84dcfe0464c2a8050a78f817924ca/page/page_3/
2021-09-09,1693299,1566827,4608,3082522,"Johnson&Johnson, Moderna, Oxford/AstraZeneca, Pfizer/BioNTech",Lithuania,https://experience.arcgis.com/experience/cab84dcfe0464c2a8050a78f817924ca/page/page_3/
2021-09-10,1698080,1573139,6288,3094686,"Johnson&Johnson, Moderna, Oxford/AstraZeneca, Pfizer/BioNTech",Lithuania,https://experience.arcgis.com/experience/cab84dcfe0464c2a8050a78f817924ca/page/page_3/
2021-09-11,1699328,1574146,6385,3096703,"Johnson&Johnson, Moderna, Oxford/AstraZeneca, Pfizer/BioNTech",Lithuania,https://experience.arcgis.com/experience/cab84dcfe0464c2a8050a78f817924ca/page/page_3/
2021-09-12,1699459,1574203,6433,3096939,"Johnson&Johnson, Moderna, Oxford/AstraZeneca, Pfizer/BioNTech",Lithuania,https://experience.arcgis.com/experience/cab84dcfe0464c2a8050a78f817924ca/page/page_3/
2021-09-13,1703724,1580166,7622,3107691,"Johnson&Johnson, Moderna, Oxford/AstraZeneca, Pfizer/BioNTech",Lithuania,https://experience.arcgis.com/experience/cab84dcfe0464c2a8050a78f817924ca/page/page_3/
2021-09-14,1707769,1585045,9370,3117690,"Johnson&Johnson, Moderna, Oxford/AstraZeneca, Pfizer/BioNTech",Lithuania,https://experience.arcgis.com/experience/cab84dcfe0464c2a8050a78f817924ca/page/page_3/
2021-09-15,1711469,1590154,11034,3127637,"Johnson&Johnson, Moderna, Oxford/AstraZeneca, Pfizer/BioNTech",Lithuania,https://experience.arcgis.com/experience/cab84dcfe0464c2a8050a78f817924ca/page/page_3/
2021-09-16,1715451,1595648,12930,3138539,"Johnson&Johnson, Moderna, Oxford/AstraZeneca, Pfizer/BioNTech",Lithuania,https://experience.arcgis.com/experience/cab84dcfe0464c2a8050a78f817924ca/page/page_3/
2021-09-17,1719111,1601156,15140,3149527,"Johnson&Johnson, Moderna, Oxford/AstraZeneca, Pfizer/BioNTech",Lithuania,https://experience.arcgis.com/experience/cab84dcfe0464c2a8050a78f817924ca/page/page_3/
2021-09-18,1719915,1601867,15242,3151098,"Johnson&Johnson, Moderna, Oxford/AstraZeneca, Pfizer/BioNTech",Lithuania,https://experience.arcgis.com/experience/cab84dcfe0464c2a8050a78f817924ca/page/page_3/
2021-09-19,1720021,1601922,15305,3151322,"Johnson&Johnson, Moderna, Oxford/AstraZeneca, Pfizer/BioNTech",Lithuania,https://experience.arcgis.com/experience/cab84dcfe0464c2a8050a78f817924ca/page/page_3/
2021-09-20,1722851,1606497,16539,3159512,"Johnson&Johnson, Moderna, Oxford/AstraZeneca, Pfizer/BioNTech",Lithuania,https://experience.arcgis.com/experience/cab84dcfe0464c2a8050a78f817924ca/page/page_3/
2021-09-21,1725844,1610912,18093,3167504,"Johnson&Johnson, Moderna, Oxford/AstraZeneca, Pfizer/BioNTech",Lithuania,https://experience.arcgis.com/experience/cab84dcfe0464c2a8050a78f817924ca/page/page_3/
2021-09-22,1729422,1615838,19337,3175653,"Johnson&Johnson, Moderna, Oxford/AstraZeneca, Pfizer/BioNTech",Lithuania,https://experience.arcgis.com/experience/cab84dcfe0464c2a8050a78f817924ca/page/page_3/
2021-09-23,1733028,1621100,20939,3185129,"Johnson&Johnson, Moderna, Oxford/AstraZeneca, Pfizer/BioNTech",Lithuania,https://experience.arcgis.com/experience/cab84dcfe0464c2a8050a78f817924ca/page/page_3/
2021-09-24,1736437,1626081,22642,3194308,"Johnson&Johnson, Moderna, Oxford/AstraZeneca, Pfizer/BioNTech",Lithuania,https://experience.arcgis.com/experience/cab84dcfe0464c2a8050a78f817924ca/page/page_3/
2021-09-25,1737199,1626839,22738,3195662,"Johnson&Johnson, Moderna, Oxford/AstraZeneca, Pfizer/BioNTech",Lithuania,https://experience.arcgis.com/experience/cab84dcfe0464c2a8050a78f817924ca/page/page_3/
2021-09-26,1737320,1626915,22784,3195905,"Johnson&Johnson, Moderna, Oxford/AstraZeneca, Pfizer/BioNTech",Lithuania,https://experience.arcgis.com/experience/cab84dcfe0464c2a8050a78f817924ca/page/page_3/
2021-09-27,1740220,1631694,23594,3203268,"Johnson&Johnson, Moderna, Oxford/AstraZeneca, Pfizer/BioNTech",Lithuania,https://experience.arcgis.com/experience/cab84dcfe0464c2a8050a78f817924ca/page/page_3/
2021-09-28,1743126,1636205,24937,3210505,"Johnson&Johnson, Moderna, Oxford/AstraZeneca, Pfizer/BioNTech",Lithuania,https://experience.arcgis.com/experience/cab84dcfe0464c2a8050a78f817924ca/page/page_3/
2021-09-29,1745837,1640720,26567,3217979,"Johnson&Johnson, Moderna, Oxford/AstraZeneca, Pfizer/BioNTech",Lithuania,https://experience.arcgis.com/experience/cab84dcfe0464c2a8050a78f817924ca/page/page_3/
2021-09-30,1749247,1646398,28392,3227063,"Johnson&Johnson, Moderna, Oxford/AstraZeneca, Pfizer/BioNTech",Lithuania,https://experience.arcgis.com/experience/cab84dcfe0464c2a8050a78f817924ca/page/page_3/
2021-10-01,1752237,1651774,30281,3235852,"Johnson&Johnson, Moderna, Oxford/AstraZeneca, Pfizer/BioNTech",Lithuania,https://experience.arcgis.com/experience/cab84dcfe0464c2a8050a78f817924ca/page/page_3/
2021-10-02,1752918,1652563,30374,3236999,"Johnson&Johnson, Moderna, Oxford/AstraZeneca, Pfizer/BioNTech",Lithuania,https://experience.arcgis.com/experience/cab84dcfe0464c2a8050a78f817924ca/page/page_3/
2021-10-03,1753174,1652798,30437,3237436,"Johnson&Johnson, Moderna, Oxford/AstraZeneca, Pfizer/BioNTech",Lithuania,https://experience.arcgis.com/experience/cab84dcfe0464c2a8050a78f817924ca/page/page_3/
2021-10-04,1755602,1657479,31792,3244664,"Johnson&Johnson, Moderna, Oxford/AstraZeneca, Pfizer/BioNTech",Lithuania,https://experience.arcgis.com/experience/cab84dcfe0464c2a8050a78f817924ca/page/page_3/
2021-10-05,1757809,1661454,33280,3251206,"Johnson&Johnson, Moderna, Oxford/AstraZeneca, Pfizer/BioNTech",Lithuania,https://experience.arcgis.com/experience/cab84dcfe0464c2a8050a78f817924ca/page/page_3/
2021-10-06,1760055,1665465,34854,3258033,"Johnson&Johnson, Moderna, Oxford/AstraZeneca, Pfizer/BioNTech",Lithuania,https://experience.arcgis.com/experience/cab84dcfe0464c2a8050a78f817924ca/page/page_3/
2021-10-07,1762737,1669935,36893,3265931,"Johnson&Johnson, Moderna, Oxford/AstraZeneca, Pfizer/BioNTech",Lithuania,https://experience.arcgis.com/experience/cab84dcfe0464c2a8050a78f817924ca/page/page_3/
2021-10-08,1765982,1674675,38968,3274365,"Johnson&Johnson, Moderna, Oxford/AstraZeneca, Pfizer/BioNTech",Lithuania,https://experience.arcgis.com/experience/cab84dcfe0464c2a8050a78f817924ca/page/page_3/
2021-10-09,1766614,1675468,39116,3275557,"Johnson&Johnson, Moderna, Oxford/AstraZeneca, Pfizer/BioNTech",Lithuania,https://experience.arcgis.com/experience/cab84dcfe0464c2a8050a78f817924ca/page/page_3/
2021-10-10,1766866,1675682,39205,3276017,"Johnson&Johnson, Moderna, Oxford/AstraZeneca, Pfizer/BioNTech",Lithuania,https://experience.arcgis.com/experience/cab84dcfe0464c2a8050a78f817924ca/page/page_3/
2021-10-11,1769278,1679596,40477,3282275,"Johnson&Johnson, Moderna, Oxford/AstraZeneca, Pfizer/BioNTech",Lithuania,https://experience.arcgis.com/experience/cab84dcfe0464c2a8050a78f817924ca/page/page_3/
2021-10-12,1771483,1682666,42112,3288058,"Johnson&Johnson, Moderna, Oxford/AstraZeneca, Pfizer/BioNTech",Lithuania,https://experience.arcgis.com/experience/cab84dcfe0464c2a8050a78f817924ca/page/page_3/
2021-10-13,1773684,1685773,43890,3294066,"Johnson&Johnson, Moderna, Oxford/AstraZeneca, Pfizer/BioNTech",Lithuania,https://experience.arcgis.com/experience/cab84dcfe0464c2a8050a78f817924ca/page/page_3/
2021-10-14,1776377,1689349,46146,3301361,"Johnson&Johnson, Moderna, Oxford/AstraZeneca, Pfizer/BioNTech",Lithuania,https://experience.arcgis.com/experience/cab84dcfe0464c2a8050a78f817924ca/page/page_3/
2021-10-15,1779609,1693570,48509,3309594,"Johnson&Johnson, Moderna, Oxford/AstraZeneca, Pfizer/BioNTech",Lithuania,https://experience.arcgis.com/experience/cab84dcfe0464c2a8050a78f817924ca/page/page_3/
2021-10-16,1780201,1694175,48808,3310809,"Johnson&Johnson, Moderna, Oxford/AstraZeneca, Pfizer/BioNTech",Lithuania,https://experience.arcgis.com/experience/cab84dcfe0464c2a8050a78f817924ca/page/page_3/
2021-10-17,1780429,1694366,48927,3311262,"Johnson&Johnson, Moderna, Oxford/AstraZeneca, Pfizer/BioNTech",Lithuania,https://experience.arcgis.com/experience/cab84dcfe0464c2a8050a78f817924ca/page/page_3/
2021-10-18,1783082,1697847,50875,3317899,"Johnson&Johnson, Moderna, Oxford/AstraZeneca, Pfizer/BioNTech",Lithuania,https://experience.arcgis.com/experience/cab84dcfe0464c2a8050a78f817924ca/page/page_3/
2021-10-19,1785171,1700312,53145,3323702,"Johnson&Johnson, Moderna, Oxford/AstraZeneca, Pfizer/BioNTech",Lithuania,https://experience.arcgis.com/experience/cab84dcfe0464c2a8050a78f817924ca/page/page_3/
2021-10-20,1787606,1702820,56401,3330868,"Johnson&Johnson, Moderna, Oxford/AstraZeneca, Pfizer/BioNTech",Lithuania,https://experience.arcgis.com/experience/cab84dcfe0464c2a8050a78f817924ca/page/page_3/
2021-10-21,1790802,1706003,60603,3339986,"Johnson&Johnson, Moderna, Oxford/AstraZeneca, Pfizer/BioNTech",Lithuania,https://experience.arcgis.com/experience/cab84dcfe0464c2a8050a78f817924ca/page/page_3/
2021-10-22,1794577,1709583,64829,3349867,"Johnson&Johnson, Moderna, Oxford/AstraZeneca, Pfizer/BioNTech",Lithuania,https://experience.arcgis.com/experience/cab84dcfe0464c2a8050a78f817924ca/page/page_3/
2021-10-23,1795227,1710102,65202,3351128,"Johnson&Johnson, Moderna, Oxford/AstraZeneca, Pfizer/BioNTech",Lithuania,https://experience.arcgis.com/experience/cab84dcfe0464c2a8050a78f817924ca/page/page_3/
2021-10-24,1795647,1710413,65405,3351839,"Johnson&Johnson, Moderna, Oxford/AstraZeneca, Pfizer/BioNTech",Lithuania,https://experience.arcgis.com/experience/cab84dcfe0464c2a8050a78f817924ca/page/page_3/
2021-10-25,1798874,1713640,68553,3359914,"Johnson&Johnson, Moderna, Oxford/AstraZeneca, Pfizer/BioNTech",Lithuania,https://experience.arcgis.com/experience/cab84dcfe0464c2a8050a78f817924ca/page/page_3/
2021-10-26,1801987,1716383,72093,3367762,"Johnson&Johnson, Moderna, Oxford/AstraZeneca, Pfizer/BioNTech",Lithuania,https://experience.arcgis.com/experience/cab84dcfe0464c2a8050a78f817924ca/page/page_3/
2021-10-27,1804723,1718923,76076,3375839,"Johnson&Johnson, Moderna, Oxford/AstraZeneca, Pfizer/BioNTech",Lithuania,https://experience.arcgis.com/experience/cab84dcfe0464c2a8050a78f817924ca/page/page_3/
2021-10-28,1807807,1721782,80591,3385007,"Johnson&Johnson, Moderna, Oxford/AstraZeneca, Pfizer/BioNTech",Lithuania,https://experience.arcgis.com/experience/cab84dcfe0464c2a8050a78f817924ca/page/page_3/
2021-10-29,1811535,1725218,85096,3395027,"Johnson&Johnson, Moderna, Oxford/AstraZeneca, Pfizer/BioNTech",Lithuania,https://experience.arcgis.com/experience/cab84dcfe0464c2a8050a78f817924ca/page/page_3/
2021-10-30,1811986,1725582,85464,3396011,"Johnson&Johnson, Moderna, Oxford/AstraZeneca, Pfizer/BioNTech",Lithuania,https://experience.arcgis.com/experience/cab84dcfe0464c2a8050a78f817924ca/page/page_3/
2021-10-31,1812242,1725778,85714,3396600,"Johnson&Johnson, Moderna, Oxford/AstraZeneca, Pfizer/BioNTech",Lithuania,https://experience.arcgis.com/experience/cab84dcfe0464c2a8050a78f817924ca/page/page_3/
2021-11-01,1812322,1725806,85796,3396788,"Johnson&Johnson, Moderna, Oxford/AstraZeneca, Pfizer/BioNTech",Lithuania,https://experience.arcgis.com/experience/cab84dcfe0464c2a8050a78f817924ca/page/page_3/
2021-11-02,1812402,1725899,85857,3396995,"Johnson&Johnson, Moderna, Oxford/AstraZeneca, Pfizer/BioNTech",Lithuania,https://experience.arcgis.com/experience/cab84dcfe0464c2a8050a78f817924ca/page/page_3/
2021-11-03,1815743,1729923,91027,3408017,"Johnson&Johnson, Moderna, Oxford/AstraZeneca, Pfizer/BioNTech",Lithuania,https://experience.arcgis.com/experience/cab84dcfe0464c2a8050a78f817924ca/page/page_3/
2021-11-04,1819405,1733048,98712,3421051,"Johnson&Johnson, Moderna, Oxford/AstraZeneca, Pfizer/BioNTech",Lithuania,https://experience.arcgis.com/experience/cab84dcfe0464c2a8050a78f817924ca/page/page_3/
2021-11-05,1823018,1736173,105692,3433321,"Johnson&Johnson, Moderna, Oxford/AstraZeneca, Pfizer/BioNTech",Lithuania,https://experience.arcgis.com/experience/cab84dcfe0464c2a8050a78f817924ca/page/page_3/
2021-11-06,1823611,1736627,106528,3434979,"Johnson&Johnson, Moderna, Oxford/AstraZeneca, Pfizer/BioNTech",Lithuania,https://experience.arcgis.com/experience/cab84dcfe0464c2a8050a78f817924ca/page/page_3/
2021-11-07,1823989,1736884,107129,3436054,"Johnson&Johnson, Moderna, Oxford/AstraZeneca, Pfizer/BioNTech",Lithuania,https://experience.arcgis.com/experience/cab84dcfe0464c2a8050a78f817924ca/page/page_3/
2021-11-08,1826814,1739272,112379,3445391,"Johnson&Johnson, Moderna, Oxford/AstraZeneca, Pfizer/BioNTech",Lithuania,https://experience.arcgis.com/experience/cab84dcfe0464c2a8050a78f817924ca/page/page_3/
2021-11-09,1829755,1741483,119835,3456915,"Johnson&Johnson, Moderna, Oxford/AstraZeneca, Pfizer/BioNTech",Lithuania,https://experience.arcgis.com/experience/cab84dcfe0464c2a8050a78f817924ca/page/page_3/
2021-11-10,1831991,1743604,126873,3467419,"Johnson&Johnson, Moderna, Oxford/AstraZeneca, Pfizer/BioNTech",Lithuania,https://experience.arcgis.com/experience/cab84dcfe0464c2a8050a78f817924ca/page/page_3/
2021-11-11,1834782,1746442,136800,3481816,"Johnson&Johnson, Moderna, Oxford/AstraZeneca, Pfizer/BioNTech",Lithuania,https://experience.arcgis.com/experience/cab84dcfe0464c2a8050a78f817924ca/page/page_3/
2021-11-12,1838029,1749608,146259,3496421,"Johnson&Johnson, Moderna, Oxford/AstraZeneca, Pfizer/BioNTech",Lithuania,https://experience.arcgis.com/experience/cab84dcfe0464c2a8050a78f817924ca/page/page_3/
2021-11-13,1838663,1750059,147391,3498388,"Johnson&Johnson, Moderna, Oxford/AstraZeneca, Pfizer/BioNTech",Lithuania,https://experience.arcgis.com/experience/cab84dcfe0464c2a8050a78f817924ca/page/page_3/
2021-11-14,1838959,1750295,147952,3499361,"Johnson&Johnson, Moderna, Oxford/AstraZeneca, Pfizer/BioNTech",Lithuania,https://experience.arcgis.com/experience/cab84dcfe0464c2a8050a78f817924ca/page/page_3/
2021-11-15,1841408,1753225,153790,3509449,"Johnson&Johnson, Moderna, Oxford/AstraZeneca, Pfizer/BioNTech",Lithuania,https://experience.arcgis.com/experience/cab84dcfe0464c2a8050a78f817924ca/page/page_3/
2021-11-16,1843925,1755757,161159,3520728,"Johnson&Johnson, Moderna, Oxford/AstraZeneca, Pfizer/BioNTech",Lithuania,https://experience.arcgis.com/experience/cab84dcfe0464c2a8050a78f817924ca/page/page_3/
2021-11-17,1846288,1758135,171912,3535297,"Johnson&Johnson, Moderna, Oxford/AstraZeneca, Pfizer/BioNTech",Lithuania,https://experience.arcgis.com/experience/cab84dcfe0464c2a8050a78f817924ca/page/page_3/
2021-11-18,1849077,1760966,187025,3554935,"Johnson&Johnson, Moderna, Oxford/AstraZeneca, Pfizer/BioNTech",Lithuania,https://experience.arcgis.com/experience/cab84dcfe0464c2a8050a78f817924ca/page/page_3/
2021-11-19,1852135,1764169,201838,3574735,"Johnson&Johnson, Moderna, Oxford/AstraZeneca, Pfizer/BioNTech",Lithuania,https://experience.arcgis.com/experience/cab84dcfe0464c2a8050a78f817924ca/page/page_3/
2021-11-20,1852725,1764645,204159,3577828,"Johnson&Johnson, Moderna, Oxford/AstraZeneca, Pfizer/BioNTech",Lithuania,https://experience.arcgis.com/experience/cab84dcfe0464c2a8050a78f817924ca/page/page_3/
2021-11-21,1852903,1764807,205162,3579057,"Johnson&Johnson, Moderna, Oxford/AstraZeneca, Pfizer/BioNTech",Lithuania,https://experience.arcgis.com/experience/cab84dcfe0464c2a8050a78f817924ca/page/page_3/
2021-11-22,1855166,1766515,216761,3593536,"Johnson&Johnson, Moderna, Oxford/AstraZeneca, Pfizer/BioNTech",Lithuania,https://experience.arcgis.com/experience/cab84dcfe0464c2a8050a78f817924ca/page/page_3/
2021-11-23,1857361,1767938,229826,3609211,"Johnson&Johnson, Moderna, Oxford/AstraZeneca, Pfizer/BioNTech",Lithuania,https://experience.arcgis.com/experience/cab84dcfe0464c2a8050a78f817924ca/page/page_3/
2021-11-24,1859517,1770377,244191,3627286,"Johnson&Johnson, Moderna, Oxford/AstraZeneca, Pfizer/BioNTech",Lithuania,https://experience.arcgis.com/experience/cab84dcfe0464c2a8050a78f817924ca/page/page_3/
2021-11-25,1862075,1773324,260004,3647560,"Johnson&Johnson, Moderna, Oxford/AstraZeneca, Pfizer/BioNTech",Lithuania,https://experience.arcgis.com/experience/cab84dcfe0464c2a8050a78f817924ca/page/page_3/
2021-11-26,1864932,1776565,275922,3668286,"Johnson&Johnson, Moderna, Oxford/AstraZeneca, Pfizer/BioNTech",Lithuania,https://experience.arcgis.com/experience/cab84dcfe0464c2a8050a78f817924ca/page/page_3/
2021-11-27,1865779,1777239,279597,3673073,"Johnson&Johnson, Moderna, Oxford/AstraZeneca, Pfizer/BioNTech",Lithuania,https://experience.arcgis.com/experience/cab84dcfe0464c2a8050a78f817924ca/page/page_3/
2021-11-28,1866081,1777491,281387,3675266,"Johnson&Johnson, Moderna, Oxford/AstraZeneca, Pfizer/BioNTech",Lithuania,https://experience.arcgis.com/experience/cab84dcfe0464c2a8050a78f817924ca/page/page_3/
2021-11-29,1868396,1780307,291809,3689683,"Johnson&Johnson, Moderna, Oxford/AstraZeneca, Pfizer/BioNTech",Lithuania,https://experience.arcgis.com/experience/cab84dcfe0464c2a8050a78f817924ca/page/page_3/
2021-11-30,1870613,1783114,303137,3705040,"Johnson&Johnson, Moderna, Oxford/AstraZeneca, Pfizer/BioNTech",Lithuania,https://experience.arcgis.com/experience/cab84dcfe0464c2a8050a78f817924ca/page/page_3/
2021-12-01,1873098,1785522,317887,3723695,"Johnson&Johnson, Moderna, Oxford/AstraZeneca, Pfizer/BioNTech",Lithuania,https://experience.arcgis.com/experience/cab84dcfe0464c2a8050a78f817924ca/page/page_3/
2021-12-02,1875672,1788279,334980,3744977,"Johnson&Johnson, Moderna, Oxford/AstraZeneca, Pfizer/BioNTech",Lithuania,https://experience.arcgis.com/experience/cab84dcfe0464c2a8050a78f817924ca/page/page_3/
2021-12-03,1878423,1791432,352052,3766671,"Johnson&Johnson, Moderna, Oxford/AstraZeneca, Pfizer/BioNTech",Lithuania,https://experience.arcgis.com/experience/cab84dcfe0464c2a8050a78f817924ca/page/page_3/
2021-12-04,1879040,1791967,355863,3771346,"Johnson&Johnson, Moderna, Oxford/AstraZeneca, Pfizer/BioNTech",Lithuania,https://experience.arcgis.com/experience/cab84dcfe0464c2a8050a78f817924ca/page/page_3/
2021-12-05,1879275,1792164,357862,3773667,"Johnson&Johnson, Moderna, Oxford/AstraZeneca, Pfizer/BioNTech",Lithuania,https://experience.arcgis.com/experience/cab84dcfe0464c2a8050a78f817924ca/page/page_3/
2021-12-06,1881589,1794814,369835,3789419,"Johnson&Johnson, Moderna, Oxford/AstraZeneca, Pfizer/BioNTech",Lithuania,https://experience.arcgis.com/experience/cab84dcfe0464c2a8050a78f817924ca/page/page_3/
2021-12-07,1883613,1797156,384340,3807285,"Johnson&Johnson, Moderna, Oxford/AstraZeneca, Pfizer/BioNTech",Lithuania,https://experience.arcgis.com/experience/cab84dcfe0464c2a8050a78f817924ca/page/page_3/
2021-12-08,1885699,1799370,400068,3826467,"Johnson&Johnson, Moderna, Oxford/AstraZeneca, Pfizer/BioNTech",Lithuania,https://experience.arcgis.com/experience/cab84dcfe0464c2a8050a78f817924ca/page/page_3/
2021-12-09,1887708,1801791,416841,3846775,"Johnson&Johnson, Moderna, Oxford/AstraZeneca, Pfizer/BioNTech",Lithuania,https://experience.arcgis.com/experience/cab84dcfe0464c2a8050a78f817924ca/page/page_3/
2021-12-10,1889919,1804494,435091,3868907,"Johnson&Johnson, Moderna, Oxford/AstraZeneca, Pfizer/BioNTech",Lithuania,https://experience.arcgis.com/experience/cab84dcfe0464c2a8050a78f817924ca/page/page_3/
2021-12-11,1890380,1804895,438888,3873371,"Johnson&Johnson, Moderna, Oxford/AstraZeneca, Pfizer/BioNTech",Lithuania,https://experience.arcgis.com/experience/cab84dcfe0464c2a8050a78f817924ca/page/page_3/
2021-12-12,1890573,1805033,440964,3875694,"Johnson&Johnson, Moderna, Oxford/AstraZeneca, Pfizer/BioNTech",Lithuania,https://experience.arcgis.com/experience/cab84dcfe0464c2a8050a78f817924ca/page/page_3/
2021-12-13,1892432,1807239,453471,3891302,"Johnson&Johnson, Moderna, Oxford/AstraZeneca, Pfizer/BioNTech",Lithuania,https://experience.arcgis.com/experience/cab84dcfe0464c2a8050a78f817924ca/page/page_3/
2021-12-14,1894016,1809086,467159,3907667,"Johnson&Johnson, Moderna, Oxford/AstraZeneca, Pfizer/BioNTech",Lithuania,https://experience.arcgis.com/experience/cab84dcfe0464c2a8050a78f817924ca/page/page_3/
2021-12-15,1895833,1810959,481965,3925527,"Johnson&Johnson, Moderna, Oxford/AstraZeneca, Pfizer/BioNTech",Lithuania,https://experience.arcgis.com/experience/cab84dcfe0464c2a8050a78f817924ca/page/page_3/
2021-12-16,1898014,1813221,498638,3945899,"Johnson&Johnson, Moderna, Oxford/AstraZeneca, Pfizer/BioNTech",Lithuania,https://experience.arcgis.com/experience/cab84dcfe0464c2a8050a78f817924ca/page/page_3/
2021-12-17,1900825,1815716,515585,3967165,"Johnson&Johnson, Moderna, Oxford/AstraZeneca, Pfizer/BioNTech",Lithuania,https://experience.arcgis.com/experience/cab84dcfe0464c2a8050a78f817924ca/page/page_3/
2021-12-18,1901710,1816108,519205,3971891,"Johnson&Johnson, Moderna, Oxford/AstraZeneca, Pfizer/BioNTech",Lithuania,https://experience.arcgis.com/experience/cab84dcfe0464c2a8050a78f817924ca/page/page_3/
2021-12-19,1902091,1816260,521285,3974431,"Johnson&Johnson, Moderna, Oxford/AstraZeneca, Pfizer/BioNTech",Lithuania,https://experience.arcgis.com/experience/cab84dcfe0464c2a8050a78f817924ca/page/page_3/
2021-12-20,1904286,1818574,534053,3990700,"Johnson&Johnson, Moderna, Oxford/AstraZeneca, Pfizer/BioNTech",Lithuania,https://experience.arcgis.com/experience/cab84dcfe0464c2a8050a78f817924ca/page/page_3/
2021-12-21,1906262,1820523,547435,4007282,"Johnson&Johnson, Moderna, Oxford/AstraZeneca, Pfizer/BioNTech",Lithuania,https://experience.arcgis.com/experience/cab84dcfe0464c2a8050a78f817924ca/page/page_3/
2021-12-22,1908041,1822416,561570,4024477,"Johnson&Johnson, Moderna, Oxford/AstraZeneca, Pfizer/BioNTech",Lithuania,https://experience.arcgis.com/experience/cab84dcfe0464c2a8050a78f817924ca/page/page_3/
2021-12-23,1909651,1824204,575355,4041058,"Johnson&Johnson, Moderna, Oxford/AstraZeneca, Pfizer/BioNTech",Lithuania,https://experience.arcgis.com/experience/cab84dcfe0464c2a8050a78f817924ca/page/page_3/
2021-12-24,1909686,1824216,575599,4041348,"Johnson&Johnson, Moderna, Oxford/AstraZeneca, Pfizer/BioNTech",Lithuania,https://experience.arcgis.com/experience/cab84dcfe0464c2a8050a78f817924ca/page/page_3/
2021-12-25,1909686,1824216,575599,4041348,"Johnson&Johnson, Moderna, Oxford/AstraZeneca, Pfizer/BioNTech",Lithuania,https://experience.arcgis.com/experience/cab84dcfe0464c2a8050a78f817924ca/page/page_3/
2021-12-26,1909725,1824254,575861,4041687,"Johnson&Johnson, Moderna, Oxford/AstraZeneca, Pfizer/BioNTech",Lithuania,https://experience.arcgis.com/experience/cab84dcfe0464c2a8050a78f817924ca/page/page_3/
2021-12-27,1911590,1826742,593264,4062863,"Johnson&Johnson, Moderna, Oxford/AstraZeneca, Pfizer/BioNTech",Lithuania,https://experience.arcgis.com/experience/cab84dcfe0464c2a8050a78f817924ca/page/page_3/
2021-12-28,1913438,1828300,612825,4085377,"Johnson&Johnson, Moderna, Oxford/AstraZeneca, Pfizer/BioNTech",Lithuania,https://experience.arcgis.com/experience/cab84dcfe0464c2a8050a78f817924ca/page/page_3/
2021-12-29,1915380,1830015,631154,4106898,"Johnson&Johnson, Moderna, Oxford/AstraZeneca, Pfizer/BioNTech",Lithuania,https://experience.arcgis.com/experience/cab84dcfe0464c2a8050a78f817924ca/page/page_3/
2021-12-30,1917058,1831426,646281,4124664,"Johnson&Johnson, Moderna, Oxford/AstraZeneca, Pfizer/BioNTech",Lithuania,https://experience.arcgis.com/experience/cab84dcfe0464c2a8050a78f817924ca/page/page_3/
2021-12-31,1917782,1832160,652012,4131615,"Johnson&Johnson, Moderna, Oxford/AstraZeneca, Pfizer/BioNTech",Lithuania,https://experience.arcgis.com/experience/cab84dcfe0464c2a8050a78f817924ca/page/page_3/
2022-01-01,1917782,1832160,652012,4131615,"Johnson&Johnson, Moderna, Oxford/AstraZeneca, Pfizer/BioNTech",Lithuania,https://experience.arcgis.com/experience/cab84dcfe0464c2a8050a78f817924ca/page/page_3/
2022-01-02,1917786,1832164,652122,4131733,"Johnson&Johnson, Moderna, Oxford/AstraZeneca, Pfizer/BioNTech",Lithuania,https://experience.arcgis.com/experience/cab84dcfe0464c2a8050a78f817924ca/page/page_3/
2022-01-03,1919424,1833799,666869,4149289,"Johnson&Johnson, Moderna, Oxford/AstraZeneca, Pfizer/BioNTech",Lithuania,https://experience.arcgis.com/experience/cab84dcfe0464c2a8050a78f817924ca/page/page_3/
2022-01-04,1921163,1835233,684194,4169364,"Johnson&Johnson, Moderna, Oxford/AstraZeneca, Pfizer/BioNTech",Lithuania,https://experience.arcgis.com/experience/cab84dcfe0464c2a8050a78f817924ca/page/page_3/
2022-01-05,1923019,1836984,703007,4191353,"Johnson&Johnson, Moderna, Oxford/AstraZeneca, Pfizer/BioNTech",Lithuania,https://experience.arcgis.com/experience/cab84dcfe0464c2a8050a78f817924ca/page/page_3/
2022-01-06,1925074,1839057,721905,4213907,"Johnson&Johnson, Moderna, Oxford/AstraZeneca, Pfizer/BioNTech",Lithuania,https://experience.arcgis.com/experience/cab84dcfe0464c2a8050a78f817924ca/page/page_3/
2022-01-07,1927195,1841482,741224,4237229,"Johnson&Johnson, Moderna, Oxford/AstraZeneca, Pfizer/BioNTech",Lithuania,https://experience.arcgis.com/experience/cab84dcfe0464c2a8050a78f817924ca/page/page_3/
2022-01-08,1927664,1842196,744812,4241885,"Johnson&Johnson, Moderna, Oxford/AstraZeneca, Pfizer/BioNTech",Lithuania,https://experience.arcgis.com/experience/cab84dcfe0464c2a8050a78f817924ca/page/page_3/
2022-01-09,1927871,1842521,746705,4244287,"Johnson&Johnson, Moderna, Oxford/AstraZeneca, Pfizer/BioNTech",Lithuania,https://experience.arcgis.com/experience/cab84dcfe0464c2a8050a78f817924ca/page/page_3/
2022-01-10,1929397,1844233,760494,4260856,"Johnson&Johnson, Moderna, Oxford/AstraZeneca, Pfizer/BioNTech",Lithuania,https://experience.arcgis.com/experience/cab84dcfe0464c2a8050a78f817924ca/page/page_3/
2022-01-11,1930526,1845600,773139,4275790,"Johnson&Johnson, Moderna, Oxford/AstraZeneca, Pfizer/BioNTech",Lithuania,https://experience.arcgis.com/experience/cab84dcfe0464c2a8050a78f817924ca/page/page_3/
2022-01-12,1931695,1846960,785372,4290334,"Johnson&Johnson, Moderna, Oxford/AstraZeneca, Pfizer/BioNTech",Lithuania,https://experience.arcgis.com/experience/cab84dcfe0464c2a8050a78f817924ca/page/page_3/
2022-01-13,1933007,1848280,797152,4304431,"Johnson&Johnson, Moderna, Oxford/AstraZeneca, Pfizer/BioNTech",Lithuania,https://experience.arcgis.com/experience/cab84dcfe0464c2a8050a78f817924ca/page/page_3/
2022-01-14,1934429,1849209,810037,4319444,"Johnson&Johnson, Moderna, Oxford/AstraZeneca, Pfizer/BioNTech",Lithuania,https://experience.arcgis.com/experience/cab84dcfe0464c2a8050a78f817924ca/page/page_3/
2022-01-15,1934819,1849398,812665,4322611,"Johnson&Johnson, Moderna, Oxford/AstraZeneca, Pfizer/BioNTech",Lithuania,https://experience.arcgis.com/experience/cab84dcfe0464c2a8050a78f817924ca/page/page_3/
2022-01-16,1934898,1849453,813435,4323499,"Johnson&Johnson, Moderna, Oxford/AstraZeneca, Pfizer/BioNTech",Lithuania,https://experience.arcgis.com/experience/cab84dcfe0464c2a8050a78f817924ca/page/page_3/
2022-01-17,1935708,1850565,821271,4333096,"Johnson&Johnson, Moderna, Oxford/AstraZeneca, Pfizer/BioNTech",Lithuania,https://experience.arcgis.com/experience/cab84dcfe0464c2a8050a78f817924ca/page/page_3/
2022-01-18,1936439,1851761,829078,4342738,"Johnson&Johnson, Moderna, Oxford/AstraZeneca, Pfizer/BioNTech",Lithuania,https://experience.arcgis.com/experience/cab84dcfe0464c2a8050a78f817924ca/page/page_3/
2022-01-19,1937140,1852912,836621,4352120,"Johnson&Johnson, Moderna, Oxford/AstraZeneca, Pfizer/BioNTech",Lithuania,https://experience.arcgis.com/experience/cab84dcfe0464c2a8050a78f817924ca/page/page_3/
2022-01-20,1937907,1853974,844418,4361685,"Johnson&Johnson, Moderna, Oxford/AstraZeneca, Pfizer/BioNTech",Lithuania,https://experience.arcgis.com/experience/cab84dcfe0464c2a8050a78f817924ca/page/page_3/
2022-01-21,1938815,1854972,853118,4372255,"Johnson&Johnson, Moderna, Oxford/AstraZeneca, Pfizer/BioNTech",Lithuania,https://experience.arcgis.com/experience/cab84dcfe0464c2a8050a78f817924ca/page/page_3/
2022-01-22,1938943,1855101,854145,4373534,"Johnson&Johnson, Moderna, Oxford/AstraZeneca, Pfizer/BioNTech",Lithuania,https://experience.arcgis.com/experience/cab84dcfe0464c2a8050a78f817924ca/page/page_3/
2022-01-23,1938948,1855114,854280,4373687,"Johnson&Johnson, Moderna, Oxford/AstraZeneca, Pfizer/BioNTech",Lithuania,https://experience.arcgis.com/experience/cab84dcfe0464c2a8050a78f817924ca/page/page_3/
2022-01-24,1939542,1855974,859633,4380469,"Johnson&Johnson, Moderna, Oxford/AstraZeneca, Pfizer/BioNTech",Lithuania,https://experience.arcgis.com/experience/cab84dcfe0464c2a8050a78f817924ca/page/page_3/
2022-01-25,1940082,1856870,864939,4387176,"Johnson&Johnson, Moderna, Oxford/AstraZeneca, Pfizer/BioNTech",Lithuania,https://experience.arcgis.com/experience/cab84dcfe0464c2a8050a78f817924ca/page/page_3/
2022-01-26,1940646,1857952,870380,4394248,"Johnson&Johnson, Moderna, Oxford/AstraZeneca, Pfizer/BioNTech",Lithuania,https://experience.arcgis.com/experience/cab84dcfe0464c2a8050a78f817924ca/page/page_3/
2022-01-27,1941221,1859045,876118,4401631,"Johnson&Johnson, Moderna, Oxford/AstraZeneca, Pfizer/BioNTech",Lithuania,https://experience.arcgis.com/experience/cab84dcfe0464c2a8050a78f817924ca/page/page_3/
2022-01-28,1941906,1860446,882536,4410113,"Johnson&Johnson, Moderna, Oxford/AstraZeneca, Pfizer/BioNTech",Lithuania,https://experience.arcgis.com/experience/cab84dcfe0464c2a8050a78f817924ca/page/page_3/
2022-01-29,1942025,1860672,883226,4411148,"Johnson&Johnson, Moderna, Oxford/AstraZeneca, Pfizer/BioNTech",Lithuania,https://experience.arcgis.com/experience/cab84dcfe0464c2a8050a78f817924ca/page/page_3/
2022-01-30,1942033,1860687,883346,4411291,"Johnson&Johnson, Moderna, Oxford/AstraZeneca, Pfizer/BioNTech",Lithuania,https://experience.arcgis.com/experience/cab84dcfe0464c2a8050a78f817924ca/page/page_3/
2022-01-31,1942379,1861411,885828,4414836,"Johnson&Johnson, Moderna, Oxford/AstraZeneca, Pfizer/BioNTech",Lithuania,https://experience.arcgis.com/experience/cab84dcfe0464c2a8050a78f817924ca/page/page_3/
2022-02-01,1942746,1862091,888009,4418051,"Johnson&Johnson, Moderna, Oxford/AstraZeneca, Pfizer/BioNTech",Lithuania,https://experience.arcgis.com/experience/cab84dcfe0464c2a8050a78f817924ca/page/page_3/
2022-02-02,1943121,1862806,890252,4421367,"Johnson&Johnson, Moderna, Oxford/AstraZeneca, Pfizer/BioNTech",Lithuania,https://experience.arcgis.com/experience/cab84dcfe0464c2a8050a78f817924ca/page/page_3/
2022-02-03,1943409,1863549,892448,4424584,"Johnson&Johnson, Moderna, Oxford/AstraZeneca, Pfizer/BioNTech",Lithuania,https://experience.arcgis.com/experience/cab84dcfe0464c2a8050a78f817924ca/page/page_3/
2022-02-04,1943794,1864420,894950,4428336,"Johnson&Johnson, Moderna, Oxford/AstraZeneca, Pfizer/BioNTech",Lithuania,https://experience.arcgis.com/experience/cab84dcfe0464c2a8050a78f817924ca/page/page_3/
2022-02-05,1943849,1864563,895205,4428788,"Johnson&Johnson, Moderna, Oxford/AstraZeneca, Pfizer/BioNTech",Lithuania,https://experience.arcgis.com/experience/cab84dcfe0464c2a8050a78f817924ca/page/page_3/
2022-02-06,1943857,1864574,895289,4428891,"Johnson&Johnson, Moderna, Oxford/AstraZeneca, Pfizer/BioNTech",Lithuania,https://experience.arcgis.com/experience/cab84dcfe0464c2a8050a78f817924ca/page/page_3/
2022-02-07,1944043,1864982,896411,4430603,"Johnson&Johnson, Moderna, Oxford/AstraZeneca, Pfizer/BioNTech",Lithuania,https://experience.arcgis.com/experience/cab84dcfe0464c2a8050a78f817924ca/page/page_3/
2022-02-08,1944190,1865362,897579,4432289,"Johnson&Johnson, Moderna, Oxford/AstraZeneca, Pfizer/BioNTech",Lithuania,https://experience.arcgis.com/experience/cab84dcfe0464c2a8050a78f817924ca/page/page_3/
2022-02-09,1944362,1865791,898811,4434122,"Johnson&Johnson, Moderna, Oxford/AstraZeneca, Pfizer/BioNTech",Lithuania,https://experience.arcgis.com/experience/cab84dcfe0464c2a8050a78f817924ca/page/page_3/
2022-02-10,1944533,1866231,899948,4435875,"Johnson&Johnson, Moderna, Oxford/AstraZeneca, Pfizer/BioNTech",Lithuania,https://experience.arcgis.com/experience/cab84dcfe0464c2a8050a78f817924ca/page/page_3/
2022-02-11,1944792,1866830,901436,4438219,"Johnson&Johnson, Moderna, Oxford/AstraZeneca, Pfizer/BioNTech",Lithuania,https://experience.arcgis.com/experience/cab84dcfe0464c2a8050a78f817924ca/page/page_3/
2022-02-12,1944813,1866892,901562,4438428,"Johnson&Johnson, Moderna, Oxford/AstraZeneca, Pfizer/BioNTech",Lithuania,https://experience.arcgis.com/experience/cab84dcfe0464c2a8050a78f817924ca/page/page_3/
2022-02-13,1944821,1866906,901615,4438503,"Johnson&Johnson, Moderna, Oxford/AstraZeneca, Pfizer/BioNTech",Lithuania,https://experience.arcgis.com/experience/cab84dcfe0464c2a8050a78f817924ca/page/page_3/
2022-02-14,1944979,1867253,902325,4439714,"Johnson&Johnson, Moderna, Oxford/AstraZeneca, Pfizer/BioNTech",Lithuania,https://experience.arcgis.com/experience/cab84dcfe0464c2a8050a78f817924ca/page/page_3/
2022-02-15,1945118,1867611,903266,4441142,"Johnson&Johnson, Moderna, Oxford/AstraZeneca, Pfizer/BioNTech",Lithuania,https://experience.arcgis.com/experience/cab84dcfe0464c2a8050a78f817924ca/page/page_3/
2022-02-16,1945118,1867611,903266,4441142,"Johnson&Johnson, Moderna, Oxford/AstraZeneca, Pfizer/BioNTech",Lithuania,https://experience.arcgis.com/experience/cab84dcfe0464c2a8050a78f817924ca/page/page_3/
2022-02-17,1945300,1868121,904212,4442777,"Johnson&Johnson, Moderna, Oxford/AstraZeneca, Pfizer/BioNTech",Lithuania,https://experience.arcgis.com/experience/cab84dcfe0464c2a8050a78f817924ca/page/page_3/
2022-02-18,1945507,1868666,905267,4444578,"Johnson&Johnson, Moderna, Oxford/AstraZeneca, Pfizer/BioNTech",Lithuania,https://experience.arcgis.com/experience/cab84dcfe0464c2a8050a78f817924ca/page/page_3/
2022-02-19,1945527,1868718,905349,4444731,"Johnson&Johnson, Moderna, Oxford/AstraZeneca, Pfizer/BioNTech",Lithuania,https://experience.arcgis.com/experience/cab84dcfe0464c2a8050a78f817924ca/page/page_3/
2022-02-20,1945531,1868729,905389,4444786,"Johnson&Johnson, Moderna, Oxford/AstraZeneca, Pfizer/BioNTech",Lithuania,https://experience.arcgis.com/experience/cab84dcfe0464c2a8050a78f817924ca/page/page_3/
2022-02-21,1945673,1868971,906044,4445822,"Johnson&Johnson, Moderna, Oxford/AstraZeneca, Pfizer/BioNTech",Lithuania,https://experience.arcgis.com/experience/cab84dcfe0464c2a8050a78f817924ca/page/page_3/
2022-02-22,1945802,1869180,906653,4446767,"Johnson&Johnson, Moderna, Oxford/AstraZeneca, Pfizer/BioNTech",Lithuania,https://experience.arcgis.com/experience/cab84dcfe0464c2a8050a78f817924ca/page/page_3/
2022-02-23,1945899,1869401,907292,4447714,"Johnson&Johnson, Moderna, Oxford/AstraZeneca, Pfizer/BioNTech",Lithuania,https://experience.arcgis.com/experience/cab84dcfe0464c2a8050a78f817924ca/page/page_3/
2022-02-24,1946016,1869658,907935,4448731,"Johnson&Johnson, Moderna, Oxford/AstraZeneca, Pfizer/BioNTech",Lithuania,https://experience.arcgis.com/experience/cab84dcfe0464c2a8050a78f817924ca/page/page_3/
2022-02-25,1946162,1869978,908778,4450038,"Johnson&Johnson, Moderna, Oxford/AstraZeneca, Pfizer/BioNTech",Lithuania,https://experience.arcgis.com/experience/cab84dcfe0464c2a8050a78f817924ca/page/page_3/
2022-02-26,1946172,1870007,908828,4450127,"Johnson&Johnson, Moderna, Oxford/AstraZeneca, Pfizer/BioNTech",Lithuania,https://experience.arcgis.com/experience/cab84dcfe0464c2a8050a78f817924ca/page/page_3/
2022-02-27,1946179,1870016,908888,4450203,"Johnson&Johnson, Moderna, Oxford/AstraZeneca, Pfizer/BioNTech",Lithuania,https://experience.arcgis.com/experience/cab84dcfe0464c2a8050a78f817924ca/page/page_3/
2022-02-28,1946266,1870169,909331,4450886,"Johnson&Johnson, Moderna, Oxford/AstraZeneca, Pfizer/BioNTech",Lithuania,https://experience.arcgis.com/experience/cab84dcfe0464c2a8050a78f817924ca/page/page_3/
2022-03-01,1946347,1870296,909744,4451510,"Johnson&Johnson, Moderna, Oxford/AstraZeneca, Pfizer/BioNTech",Lithuania,https://experience.arcgis.com/experience/cab84dcfe0464c2a8050a78f817924ca/page/page_3/
2022-03-02,1946428,1870424,910150,4452125,"Johnson&Johnson, Moderna, Oxford/AstraZeneca, Pfizer/BioNTech",Lithuania,https://experience.arcgis.com/experience/cab84dcfe0464c2a8050a78f817924ca/page/page_3/
2022-03-03,1946519,1870554,910623,4452817,"Johnson&Johnson, Moderna, Oxford/AstraZeneca, Pfizer/BioNTech",Lithuania,https://experience.arcgis.com/experience/cab84dcfe0464c2a8050a78f817924ca/page/page_3/
2022-03-04,1946728,1870774,911331,4453953,"Johnson&Johnson, Moderna, Oxford/AstraZeneca, Pfizer/BioNTech",Lithuania,https://experience.arcgis.com/experience/cab84dcfe0464c2a8050a78f817924ca/page/page_3/
2022-03-05,1946741,1870789,911388,4454038,"Johnson&Johnson, Moderna, Oxford/AstraZeneca, Pfizer/BioNTech",Lithuania,https://experience.arcgis.com/experience/cab84dcfe0464c2a8050a78f817924ca/page/page_3/
2022-03-06,1946749,1870796,911452,4454117,"Johnson&Johnson, Moderna, Oxford/AstraZeneca, Pfizer/BioNTech",Lithuania,https://experience.arcgis.com/experience/cab84dcfe0464c2a8050a78f817924ca/page/page_3/
2022-03-07,1946826,1870917,911911,4454776,"Johnson&Johnson, Moderna, Oxford/AstraZeneca, Pfizer/BioNTech",Lithuania,https://experience.arcgis.com/experience/cab84dcfe0464c2a8050a78f817924ca/page/page_3/
2022-03-08,1946918,1871007,912366,4455414,"Johnson&Johnson, Moderna, Novavax, Oxford/AstraZeneca, Pfizer/BioNTech",Lithuania,https://experience.arcgis.com/experience/cab84dcfe0464c2a8050a78f817924ca/page/page_3/
2022-03-09,1947030,1871099,912870,4456118,"Johnson&Johnson, Moderna, Novavax, Oxford/AstraZeneca, Pfizer/BioNTech",Lithuania,https://experience.arcgis.com/experience/cab84dcfe0464c2a8050a78f817924ca/page/page_3/
2022-03-10,1947169,1871275,913542,4457101,"Johnson&Johnson, Moderna, Novavax, Oxford/AstraZeneca, Pfizer/BioNTech",Lithuania,https://experience.arcgis.com/experience/cab84dcfe0464c2a8050a78f817924ca/page/page_3/
