Austria,2021-04-11
Belgium,2021-04-11
Bulgaria,2021-04-11
Croatia,2021-04-11
Cyprus,2021-04-11
Czechia,2021-04-11
Denmark,2021-04-11
Estonia,2021-04-11
European Union,2021-04-11
Finland,2021-04-11
France,2021-04-11
Germany,2021-04-11
Greece,2021-04-11
Hungary,2021-04-11
Ireland,2021-04-11
Italy,2021-04-11
Latvia,2021-04-11
Lithuania,2021-04-11
Luxembourg,2021-04-11
Malta,2021-04-11
Netherlands,2021-04-11
Poland,2021-04-11
Portugal,2021-04-11
Romania,2021-04-11
Slovakia,2021-04-11
Slovenia,2021-04-11
Spain,2021-04-11
Sweden,2021-04-11
